{
  "TestConfig": {
    "Duration": 300000000000,
    "Workers": 10,
    "Operations": 0,
    "ReadPercent": 40,
    "WritePercent": 30,
    "UpdatePercent": 20,
    "DeletePercent": 10,
    "DocumentSize": 1024,
    "DocumentCount": 10000,
    "MetricsInterval": 1000000000,
    "SocketPath": "/tmp/docdb.sock",
    "DBName": "loadtest",
    "WALDir": "./docdb/data/wal",
    "OutputPath": "multidb_results-1.json",
    "CSVOutput": true,
    "Seed": 1769664406085325000,
    "Databases": [
      {
        "Name": "db1",
        "Workers": 20,
        "DocumentSize": 1024,
        "DocumentCount": 10000,
        "CRUDPercent": null,
        "WALDir": "./docdb/data/wal"
      },
      {
        "Name": "db2",
        "Workers": 20,
        "DocumentSize": 1024,
        "DocumentCount": 10000,
        "CRUDPercent": null,
        "WALDir": "./docdb/data/wal"
      },
      {
        "Name": "db3",
        "Workers": 20,
        "DocumentSize": 1024,
        "DocumentCount": 10000,
        "CRUDPercent": null,
        "WALDir": "./docdb/data/wal"
      }
    ],
    "WorkloadProfile": null,
    "PerDatabaseCRUD": false
  },
  "DurationSeconds": 300.004073625,
  "TotalOperations": 185862,
  "Databases": {
    "db1": {
      "Name": "db1",
      "Latency": {
        "create": {
          "P50": 96.529375,
          "P95": 180.47954,
          "P99": 259.548799,
          "P999": 376.314008,
          "Mean": 96.635958,
          "Min": 0.040875,
          "Max": 468.872291,
          "Count": 18681
        },
        "delete": {
          "P50": 96.085958,
          "P95": 179.291886,
          "P99": 259.571227,
          "P999": 380.571656,
          "Mean": 96.28535,
          "Min": 0.022084,
          "Max": 500.454167,
          "Count": 6060
        },
        "read": {
          "P50": 91.978604,
          "P95": 173.791927,
          "P99": 249.734506,
          "P999": 392.458599,
          "Mean": 91.748643,
          "Min": 0.021834,
          "Max": 500.420292,
          "Count": 24886
        },
        "update": {
          "P50": 104.991396,
          "P95": 192.352526,
          "P99": 275.00227,
          "P999": 394.265843,
          "Mean": 105.619607,
          "Min": 0.038625,
          "Max": 475.74625,
          "Count": 12578
        }
      },
      "WALGrowth": {
        "InitialSizeBytes": 61917498,
        "FinalSizeBytes": 78106070,
        "MaxSizeBytes": 78106070,
        "GrowthRateBytesPerSec": 53952.00025503328,
        "SampleCount": 302,
        "DurationSeconds": 300.055084584
      },
      "Healing": {
        "TotalHealings": 0,
        "TotalDocumentsHealed": 0,
        "HealingTimeSeconds": 0,
        "OverheadPercent": 0,
        "EventCount": 0,
        "InitialStats": {
          "TotalScans": 0,
          "DocumentsHealed": 0,
          "DocumentsCorrupted": 0,
          "OnDemandHealings": 0,
          "BackgroundHealings": 0,
          "LastScanTime": "0001-01-01T00:00:00Z",
          "LastHealingTime": "0001-01-01T00:00:00Z"
        },
        "FinalStats": {
          "TotalScans": 0,
          "DocumentsHealed": 0,
          "DocumentsCorrupted": 0,
          "OnDemandHealings": 0,
          "BackgroundHealings": 0,
          "LastScanTime": "0001-01-01T00:00:00Z",
          "LastHealingTime": "0001-01-01T00:00:00Z"
        }
      },
      "OperationCounts": {
        "create": 18681,
        "delete": 6060,
        "read": 24886,
        "update": 12578
      },
      "TotalOperations": 62205
    },
    "db2": {
      "Name": "db2",
      "Latency": {
        "create": {
          "P50": 98.135459,
          "P95": 183.670749,
          "P99": 262.603141,
          "P999": 404.837542,
          "Mean": 98.426377,
          "Min": 0.037459,
          "Max": 499.832959,
          "Count": 18381
        },
        "delete": {
          "P50": 95.789792,
          "P95": 180.748903,
          "P99": 254.290973,
          "P999": 378.384173,
          "Mean": 96.561418,
          "Min": 0.025625,
          "Max": 528.25775,
          "Count": 6038
        },
        "read": {
          "P50": 92.88875,
          "P95": 176.427832,
          "P99": 252.836975,
          "P999": 396.749339,
          "Mean": 93.103169,
          "Min": 0.017,
          "Max": 512.041166,
          "Count": 24287
        },
        "update": {
          "P50": 107.208334,
          "P95": 197.190024,
          "P99": 274.088398,
          "P999": 413.418138,
          "Mean": 108.590124,
          "Min": 0.044958,
          "Max": 539.204791,
          "Count": 12403
        }
      },
      "WALGrowth": {
        "InitialSizeBytes": 61586838,
        "FinalSizeBytes": 77783378,
        "MaxSizeBytes": 77783378,
        "GrowthRateBytesPerSec": 53979.31101081232,
        "SampleCount": 302,
        "DurationSeconds": 300.05088425
      },
      "Healing": {
        "TotalHealings": 0,
        "TotalDocumentsHealed": 0,
        "HealingTimeSeconds": 0,
        "OverheadPercent": 0,
        "EventCount": 0,
        "InitialStats": {
          "TotalScans": 0,
          "DocumentsHealed": 0,
          "DocumentsCorrupted": 0,
          "OnDemandHealings": 0,
          "BackgroundHealings": 0,
          "LastScanTime": "0001-01-01T00:00:00Z",
          "LastHealingTime": "0001-01-01T00:00:00Z"
        },
        "FinalStats": {
          "TotalScans": 0,
          "DocumentsHealed": 0,
          "DocumentsCorrupted": 0,
          "OnDemandHealings": 0,
          "BackgroundHealings": 0,
          "LastScanTime": "0001-01-01T00:00:00Z",
          "LastHealingTime": "0001-01-01T00:00:00Z"
        }
      },
      "OperationCounts": {
        "create": 18381,
        "delete": 6038,
        "read": 24287,
        "update": 12403
      },
      "TotalOperations": 61109
    },
    "db3": {
      "Name": "db3",
      "Latency": {
        "create": {
          "P50": 96.020583,
          "P95": 180.842337,
          "P99": 261.184771,
          "P999": 396.805713,
          "Mean": 96.550886,
          "Min": 0.031292,
          "Max": 536.965042,
          "Count": 18459
        },
        "delete": {
          "P50": 94.484062,
          "P95": 179.996468,
          "P99": 262.737343,
          "P999": 399.969739,
          "Mean": 95.133841,
          "Min": 0.031958,
          "Max": 526.399416,
          "Count": 6340
        },
        "read": {
          "P50": 90.915146,
          "P95": 173.06067,
          "P99": 244.771126,
          "P999": 383.763906,
          "Mean": 90.710539,
          "Min": 0.023417,
          "Max": 533.96975,
          "Count": 25260
        },
        "update": {
          "P50": 104.903792,
          "P95": 189.126656,
          "P99": 262.987597,
          "P999": 440.197869,
          "Mean": 105.589035,
          "Min": 0.049542,
          "Max": 532.597167,
          "Count": 12530
        }
      },
      "WALGrowth": {
        "InitialSizeBytes": 61872466,
        "FinalSizeBytes": 78043170,
        "MaxSizeBytes": 78043170,
        "GrowthRateBytesPerSec": 53892.48299496651,
        "SampleCount": 302,
        "DurationSeconds": 300.0549075
      },
      "Healing": {
        "TotalHealings": 0,
        "TotalDocumentsHealed": 0,
        "HealingTimeSeconds": 0,
        "OverheadPercent": 0,
        "EventCount": 0,
        "InitialStats": {
          "TotalScans": 0,
          "DocumentsHealed": 0,
          "DocumentsCorrupted": 0,
          "OnDemandHealings": 0,
          "BackgroundHealings": 0,
          "LastScanTime": "0001-01-01T00:00:00Z",
          "LastHealingTime": "0001-01-01T00:00:00Z"
        },
        "FinalStats": {
          "TotalScans": 0,
          "DocumentsHealed": 0,
          "DocumentsCorrupted": 0,
          "OnDemandHealings": 0,
          "BackgroundHealings": 0,
          "LastScanTime": "0001-01-01T00:00:00Z",
          "LastHealingTime": "0001-01-01T00:00:00Z"
        }
      },
      "OperationCounts": {
        "create": 18459,
        "delete": 6340,