{
  "TestConfig": {
    "Duration": 300000000000,
    "Workers": 10,
    "Operations": 0,
    "ReadPercent": 40,
    "WritePercent": 30,
    "UpdatePercent": 20,
    "DeletePercent": 10,
    "DocumentSize": 1024,
    "DocumentCount": 10000,
    "MetricsInterval": 1000000000,
    "SocketPath": "/tmp/docdb.sock",
    "DBName": "loadtest",
    "WALDir": "./docdb/data/wal",
    "OutputPath": "multidb_results.json",
    "CSVOutput": true,
    "Seed": 1769658173583036000,
    "Databases": [
      {
        "Name": "db1",
        "Workers": 10,
        "DocumentSize": 1024,
        "DocumentCount": 10000,
        "CRUDPercent": null,
        "WALDir": "./docdb/data/wal"
      },
      {
        "Name": "db2",
        "Workers": 10,
        "DocumentSize": 1024,
        "DocumentCount": 10000,
        "CRUDPercent": null,
        "WALDir": "./docdb/data/wal"
      },
      {
        "Name": "db3",
        "Workers": 10,
        "DocumentSize": 1024,
        "DocumentCount": 10000,
        "CRUDPercent": null,
        "WALDir": "./docdb/data/wal"
      }
    ],
    "WorkloadProfile": null,
    "PerDatabaseCRUD": false
  },
  "DurationSeconds": 300.001044084,
  "TotalOperations": 89465,
  "Databases": {
    "db1": {
      "Name": "db1",
      "Latency": {
        "create": {
          "P50": 114.167,
          "P95": 236.723708,
          "P99": 297.902375,
          "P999": 399.050541,
          "Mean": 103.208562,
          "Min": 0.035834,
          "Max": 976.511709,
          "Count": 9051
        },
        "delete": {
          "P50": 109.024125,
          "P95": 236.06502,
          "P99": 290.524004,
          "P999": 390.286015,
          "Mean": 102.059281,
          "Min": 0.018417,
          "Max": 962.058375,
          "Count": 3016
        },
        "read": {
          "P50": 99.52975,
          "P95": 218.580124,
          "P99": 273.096204,
          "P999": 354.62719,
          "Mean": 88.461229,
          "Min": 0.020542,
          "Max": 935.13575,
          "Count": 11871
        },
        "update": {
          "P50": 127.680125,
          "P95": 248.514682,
          "P99": 303.98745,
          "P999": 418.273092,
          "Mean": 117.210717,
          "Min": 0.0375,
          "Max": 976.119041,
          "Count": 6035
        }
      },
      "WALGrowth": {
        "InitialSizeBytes": 12978774,
        "FinalSizeBytes": 21116161,
        "MaxSizeBytes": 21116161,
        "GrowthRateBytesPerSec": 27120.747650393758,
        "SampleCount": 302,
        "DurationSeconds": 300.042871417
      },
      "Healing": {
        "TotalHealings": 0,
        "TotalDocumentsHealed": 0,
        "HealingTimeSeconds": 0,
        "OverheadPercent": 0,
        "EventCount": 0,
        "InitialStats": {
          "TotalScans": 0,
          "DocumentsHealed": 0,
          "DocumentsCorrupted": 0,
          "OnDemandHealings": 0,
          "BackgroundHealings": 0,
          "LastScanTime": "0001-01-01T00:00:00Z",
          "LastHealingTime": "0001-01-01T00:00:00Z"
        },
        "FinalStats": {
          "TotalScans": 0,
          "DocumentsHealed": 0,
          "DocumentsCorrupted": 0,
          "OnDemandHealings": 0,
          "BackgroundHealings": 0,
          "LastScanTime": "0001-01-01T00:00:00Z",
          "LastHealingTime": "0001-01-01T00:00:00Z"
        }
      },
      "OperationCounts": {
        "create": 9051,
        "delete": 3016,
        "read": 11871,
        "update": 6035
      },
      "TotalOperations": 29973
    },
    "db2": {
      "Name": "db2",
      "Latency": {
        "create": {
          "P50": 111.596917,
          "P95": 238.669041,
          "P99": 305.802955,
          "P999": 430.38702,
          "Mean": 103.234939,
          "Min": 0.039875,
          "Max": 963.55225,
          "Count": 9003
        },
        "delete": {
          "P50": 113.97975,
          "P95": 241.049425,
          "P99": 303.519331,
          "P999": 371.201434,
          "Mean": 105.160737,
          "Min": 0.019625,
          "Max": 425.661417,
          "Count": 3013
        },
        "read": {
          "P50": 101.099187,
          "P95": 220.929191,
          "P99": 278.32395,
          "P999": 367.542875,
          "Mean": 90.010251,
          "Min": 0.021708,
          "Max": 964.328417,
          "Count": 11810
        },
        "update": {
          "P50": 125.754333,
          "P95": 254.234048,
          "P99": 326.779781,
          "P999": 452.504041,
          "Mean": 117.373218,
          "Min": 0.038,
          "Max": 1001.175209,
          "Count": 5882
        }
      },
      "WALGrowth": {
        "InitialSizeBytes": 12995746,
        "FinalSizeBytes": 20910052,
        "MaxSizeBytes": 20910052,
        "GrowthRateBytesPerSec": 26377.23373133172,
        "SampleCount": 302,
        "DurationSeconds": 300.043062916
      },
      "Healing": {
        "TotalHealings": 0,
        "TotalDocumentsHealed": 0,
        "HealingTimeSeconds": 0,
        "OverheadPercent": 0,
        "EventCount": 0,
        "InitialStats": {
          "TotalScans": 0,
          "DocumentsHealed": 0,
          "DocumentsCorrupted": 0,
          "OnDemandHealings": 0,
          "BackgroundHealings": 0,
          "LastScanTime": "0001-01-01T00:00:00Z",
          "LastHealingTime": "0001-01-01T00:00:00Z"
        },
        "FinalStats": {
          "TotalScans": 0,
          "DocumentsHealed": 0,
          "DocumentsCorrupted": 0,
          "OnDemandHealings": 0,
          "BackgroundHealings": 0,
          "LastScanTime": "0001-01-01T00:00:00Z",
          "LastHealingTime": "0001-01-01T00:00:00Z"
        }
      },
      "OperationCounts": {
        "create": 9003,
        "delete": 3013,
        "read": 11810,
        "update": 5882
      },
      "TotalOperations": 29708
    },
    "db3": {
      "Name": "db3",
      "Latency": {
        "create": {
          "P50": 112.904437,
          "P95": 235.447229,
          "P99": 293.677862,
          "P999": 399.443942,
          "Mean": 102.807878,
          "Min": 0.039833,
          "Max": 1010.409916,
          "Count": 8946
        },
        "delete": {
          "P50": 114.757041,
          "P95": 241.053727,
          "P99": 305.712464,
          "P999": 415.93031,
          "Mean": 104.483796,
          "Min": 0.015666,
          "Max": 1019.567833,
          "Count": 2940
        },
        "read": {
          "P50": 100.711208,
          "P95": 219.033679,
          "P99": 271.812123,
          "P999": 373.432366,
          "Mean": 89.15232,
          "Min": 0.017125,
          "Max": 983.808584,
          "Count": 11939
        },
        "update": {
          "P50": 127.926125,
          "P95": 252.797187,
          "P99": 325.227525,
          "P999": 430.59814,
          "Mean": 118.741936,
          "Min": 0.041459,
          "Max": 971.892917,
          "Count": 5967
        }
      },
      "WALGrowth": {
        "InitialSizeBytes": 13117448,
        "FinalSizeBytes": 21118774,
        "MaxSizeBytes": 21118774,
        "GrowthRateBytesPerSec": 26667.2456203431,
        "SampleCount": 302,
        "DurationSeconds": 300.043210833
      },
      "Healing": {
        "TotalHealings": 0,
        "TotalDocumentsHealed": 0,
        "HealingTimeSeconds": 0,
        "OverheadPercent": 0,
        "EventCount": 0,
        "InitialStats": {
          "TotalScans": 0,
          "DocumentsHealed": 0,
          "DocumentsCorrupted": 0,
          "OnDemandHealings": 0,
          "BackgroundHealings": 0,
          "LastScanTime": "0001-01-01T00:00:00Z",
          "LastHealingTime": "0001-01-01T00:00:00Z"
        },
        "FinalStats": {
          "TotalScans": 0,
          "DocumentsHealed": 0,
          "DocumentsCorrupted": 0,
          "OnDemandHealings": 0,
          "BackgroundHealings": 0,
          "LastScanTime": "0001-01-01T00:00:00Z",
          "LastHealingTime": "0001-01-01T00:00:00Z"
        }
      },
      "OperationCounts": {
        "create": 8946,
        "delete": 2940,