{
  "TestConfig": {
    "Duration": 120000000000,
    "Workers": 10,
    "Operations": 0,
    "ReadPercent": 40,
    "WritePercent": 30,
    "UpdatePercent": 20,
    "DeletePercent": 10,
    "DocumentSize": 1024,
    "DocumentCount": 10000,
    "MetricsInterval": 1000000000,
    "SocketPath": "/tmp/docdb.sock",
    "DBName": "loadtest",
    "WALDir": "./docdb/data/wal",
    "OutputPath": "./matrix_results/1db_20conn_1w.json",
    "CSVOutput": true,
    "Seed": 1769669466279499000,
    "Databases": [
      {
        "Name": "db1",
        "Workers": 1,
        "DocumentSize": 1024,
        "DocumentCount": 10000,
        "CRUDPercent": null,
        "WALDir": "./docdb/data/wal"
      }
    ],
    "WorkloadProfile": null,
    "PerDatabaseCRUD": false,
    "ConnectionsPerDB": 20
  },
  "DurationSeconds": 120.000221,
  "TotalOperations": 1214272,
  "Databases": {
    "db1": {
      "Name": "db1",
      "Latency": {
        "create": {
          "P50": 0.093584,
          "P95": 0.224125,
          "P99": 0.361692,
          "P999": 0.642074,
          "Mean": 0.111678,
          "Min": 0.025916,
          "Max": 57.675,
          "Count": 363739
        },
        "delete": {
          "P50": 0.065875,
          "P95": 0.193826,
          "P99": 0.324114,
          "P999": 0.558405,
          "Mean": 0.08406,
          "Min": 0.010833,
          "Max": 17.208541,
          "Count": 121464
        },
        "read": {
          "P50": 0.065792,
          "P95": 0.193552,
          "P99": 0.321076,
          "P999": 0.556428,
          "Mean": 0.084246,
          "Min": 0.011209,
          "Max": 69.536291,
          "Count": 485916
        },
        "update": {
          "P50": 0.09375,
          "P95": 0.224833,
          "P99": 0.363019,
          "P999": 0.646067,
          "Mean": 0.112194,
          "Min": 0.026709,
          "Max": 52.761833,
          "Count": 243154
        }
      },
      "WALGrowth": {
        "InitialSizeBytes": 233497786,
        "FinalSizeBytes": 233497786,
        "MaxSizeBytes": 233497786,
        "GrowthRateBytesPerSec": 0,
        "SampleCount": 122,
        "DurationSeconds": 120.000545417
      },
      "Healing": {
        "TotalHealings": 0,
        "TotalDocumentsHealed": 0,
        "HealingTimeSeconds": 0,
        "OverheadPercent": 0,
        "EventCount": 0,
        "InitialStats": {
          "TotalScans": 0,
          "DocumentsHealed": 0,
          "DocumentsCorrupted": 0,
          "OnDemandHealings": 0,
          "BackgroundHealings": 0,
          "LastScanTime": "0001-01-01T00:00:00Z",
          "LastHealingTime": "0001-01-01T00:00:00Z"
        },
        "FinalStats": {
          "TotalScans": 0,
          "DocumentsHealed": 0,
          "DocumentsCorrupted": 0,
          "OnDemandHealings": 0,
          "BackgroundHealings": 0,
          "LastScanTime": "0001-01-01T00:00:00Z",
          "LastHealingTime": "0001-01-01T00:00:00Z"
        }
      },
      "OperationCounts": {
        "create": 363739,
        "delete": 121464,
        "read": 485916,
        "update": 243154
      },
      "TotalOperations": 1214273
    }
  },
  "Global": {
    "TotalOperations": 1214273,
    "Latency": {
      "create": {
        "P50": 0.093584,
        "P95": 0.224125,
        "P99": 0.36169200000000007,
        "P999": 0.642074,
        "Mean": 0.111678,
        "Min": 0.025916,
        "Max": 57.675,
        "Count": 363739
      },
      "delete": {
        "P50": 0.065875,
        "P95": 0.193826,
        "P99": 0.324114,
        "P999": 0.5584049999999999,
        "Mean": 0.08406,
        "Min": 0.010833,
        "Max": 17.208541,
        "Count": 121464
      },
      "read": {
        "P50": 0.065792,
        "P95": 0.193552,
        "P99": 0.3210759999999999,
        "P999": 0.556428,
        "Mean": 0.084246,
        "Min": 0.011209,
        "Max": 69.536291,
        "Count": 485916
      },
      "update": {
        "P50": 0.09375,
        "P95": 0.224833,
        "P99": 0.363019,
        "P999": 0.646067,
        "Mean": 0.112194,
        "Min": 0.026709,
        "Max": 52.761833,
        "Count": 243154
      }
    },
    "TotalWALGrowth": 0,
    "TotalHealing": {
      "TotalHealings": 0,
      "TotalDocumentsHealed": 0,
      "HealingTimeSeconds": 0,
      "OverheadPercent": 0,
      "EventCount": 0,
      "InitialStats": null,
      "FinalStats": null
    },
    "PhaseStats": []
  }
}