{
  "TestConfig": {
    "Duration": 120000000000,
    "Workers": 10,
    "Operations": 0,
    "ReadPercent": 40,
    "WritePercent": 30,
    "UpdatePercent": 20,
    "DeletePercent": 10,
    "DocumentSize": 1024,
    "DocumentCount": 10000,
    "MetricsInterval": 1000000000,
    "SocketPath": "/tmp/docdb.sock",
    "DBName": "loadtest",
    "WALDir": "./docdb/data/wal",
    "OutputPath": "./matrix_results/1db_10conn_2w.json",
    "CSVOutput": true,
    "Seed": 1769669093876618000,
    "Databases": [
      {
        "Name": "db1",
        "Workers": 2,
        "DocumentSize": 1024,
        "DocumentCount": 10000,
        "CRUDPercent": null,
        "WALDir": "./docdb/data/wal"
      }
    ],
    "WorkloadProfile": null,
    "PerDatabaseCRUD": false,
    "ConnectionsPerDB": 10
  },
  "DurationSeconds": 120.000143375,
  "TotalOperations": 1205505,
  "Databases": {
    "db1": {
      "Name": "db1",
      "Latency": {
        "create": {
          "P50": 0.099916,
          "P95": 1.260833,
          "P99": 1.959889,
          "P999": 2.641637,
          "Mean": 0.237202,
          "Min": 0.028084,
          "Max": 30.039584,
          "Count": 361845
        },
        "delete": {
          "P50": 0.07125,
          "P95": 1.141169,
          "P99": 1.342201,
          "P999": 1.735434,
          "Mean": 0.160562,
          "Min": 0.012458,
          "Max": 39.893875,
          "Count": 120580
        },
        "read": {
          "P50": 0.070833,
          "P95": 1.136875,
          "P99": 1.335864,
          "P999": 1.733261,
          "Mean": 0.158709,
          "Min": 0.011416,
          "Max": 69.611334,
          "Count": 482226
        },
        "update": {
          "P50": 0.099833,
          "P95": 1.260375,
          "P99": 1.964376,
          "P999": 2.621375,
          "Mean": 0.238136,
          "Min": 0.028583,
          "Max": 83.765208,
          "Count": 240855
        }
      },
      "WALGrowth": {
        "InitialSizeBytes": 233497786,
        "FinalSizeBytes": 233497786,
        "MaxSizeBytes": 233497786,
        "GrowthRateBytesPerSec": 0,
        "SampleCount": 122,
        "DurationSeconds": 120.000403584
      },
      "Healing": {
        "TotalHealings": 0,
        "TotalDocumentsHealed": 0,
        "HealingTimeSeconds": 0,
        "OverheadPercent": 0,
        "EventCount": 0,
        "InitialStats": {
          "TotalScans": 0,
          "DocumentsHealed": 0,
          "DocumentsCorrupted": 0,
          "OnDemandHealings": 0,
          "BackgroundHealings": 0,
          "LastScanTime": "0001-01-01T00:00:00Z",
          "LastHealingTime": "0001-01-01T00:00:00Z"
        },
        "FinalStats": {
          "TotalScans": 0,
          "DocumentsHealed": 0,
          "DocumentsCorrupted": 0,
          "OnDemandHealings": 0,
          "BackgroundHealings": 0,
          "LastScanTime": "0001-01-01T00:00:00Z",
          "LastHealingTime": "0001-01-01T00:00:00Z"
        }
      },
      "OperationCounts": {
        "create": 361845,
        "delete": 120580,
        "read": 482226,
        "update": 240855
      },
      "TotalOperations": 1205506
    }
  },
  "Global": {
    "TotalOperations": 1205506,
    "Latency": {
      "create": {
        "P50": 0.099916,
        "P95": 1.260833,
        "P99": 1.959889,
        "P999": 2.641637,
        "Mean": 0.23720200000000002,
        "Min": 0.028084,
        "Max": 30.039584,
        "Count": 361845
      },
      "delete": {
        "P50": 0.07125,
        "P95": 1.141169,
        "P99": 1.3422009999999998,
        "P999": 1.7354340000000001,
        "Mean": 0.160562,
        "Min": 0.012458,
        "Max": 39.893875,
        "Count": 120580
      },
      "read": {
        "P50": 0.070833,
        "P95": 1.136875,
        "P99": 1.3358639999999997,
        "P999": 1.733261,
        "Mean": 0.158709,
        "Min": 0.011416,
        "Max": 69.611334,
        "Count": 482226
      },
      "update": {
        "P50": 0.099833,
        "P95": 1.260375,
        "P99": 1.9643759999999997,
        "P999": 2.621375,
        "Mean": 0.238136,
        "Min": 0.028583,
        "Max": 83.765208,
        "Count": 240855
      }
    },
    "TotalWALGrowth": 0,
    "TotalHealing": {
      "TotalHealings": 0,
      "TotalDocumentsHealed": 0,
      "HealingTimeSeconds": 0,
      "OverheadPercent": 0,
      "EventCount": 0,
      "InitialStats": null,
      "FinalStats": null
    },
    "PhaseStats": []
  }
}