{
  "TestConfig": {
    "Duration": 120000000000,
    "Workers": 10,
    "Operations": 0,
    "ReadPercent": 40,
    "WritePercent": 30,
    "UpdatePercent": 20,
    "DeletePercent": 10,
    "DocumentSize": 1024,
    "DocumentCount": 10000,
    "MetricsInterval": 1000000000,
    "SocketPath": "/tmp/docdb.sock",
    "DBName": "loadtest",
    "WALDir": "./docdb/data/wal",
    "OutputPath": "./matrix_results/1db_10conn_1w.json",
    "CSVOutput": true,
    "Seed": 1769668970065025000,
    "Databases": [
      {
        "Name": "db1",
        "Workers": 1,
        "DocumentSize": 1024,
        "DocumentCount": 10000,
        "CRUDPercent": null,
        "WALDir": "./docdb/data/wal"
      }
    ],
    "WorkloadProfile": null,
    "PerDatabaseCRUD": false,
    "ConnectionsPerDB": 10
  },
  "DurationSeconds": 120.000227334,
  "TotalOperations": 1234151,
  "Databases": {
    "db1": {
      "Name": "db1",
      "Latency": {
        "create": {
          "P50": 0.09125,
          "P95": 0.22425,
          "P99": 0.368875,
          "P999": 0.695799,
          "Mean": 0.110189,
          "Min": 0.025166,
          "Max": 27.486709,
          "Count": 370568
        },
        "delete": {
          "P50": 0.06425,
          "P95": 0.191708,
          "P99": 0.327451,
          "P999": 0.607942,
          "Mean": 0.082933,
          "Min": 0.010583,
          "Max": 18.880875,
          "Count": 123709
        },
        "read": {
          "P50": 0.063959,
          "P95": 0.192792,
          "P99": 0.325791,
          "P999": 0.592859,
          "Mean": 0.082677,
          "Min": 0.009916,
          "Max": 39.686084,
          "Count": 492690
        },
        "update": {
          "P50": 0.09125,
          "P95": 0.223958,
          "P99": 0.369264,
          "P999": 0.712645,
          "Mean": 0.110124,
          "Min": 0.026834,
          "Max": 15.360625,
          "Count": 247184
        }
      },
      "WALGrowth": {
        "InitialSizeBytes": 233497786,
        "FinalSizeBytes": 233497786,
        "MaxSizeBytes": 233497786,
        "GrowthRateBytesPerSec": 0,
        "SampleCount": 122,
        "DurationSeconds": 120.000388042
      },
      "Healing": {
        "TotalHealings": 0,
        "TotalDocumentsHealed": 0,
        "HealingTimeSeconds": 0,
        "OverheadPercent": 0,
        "EventCount": 0,
        "InitialStats": {
          "TotalScans": 0,
          "DocumentsHealed": 0,
          "DocumentsCorrupted": 0,
          "OnDemandHealings": 0,
          "BackgroundHealings": 0,
          "LastScanTime": "0001-01-01T00:00:00Z",
          "LastHealingTime": "0001-01-01T00:00:00Z"
        },
        "FinalStats": {
          "TotalScans": 0,
          "DocumentsHealed": 0,
          "DocumentsCorrupted": 0,
          "OnDemandHealings": 0,
          "BackgroundHealings": 0,
          "LastScanTime": "0001-01-01T00:00:00Z",
          "LastHealingTime": "0001-01-01T00:00:00Z"
        }
      },
      "OperationCounts": {
        "create": 370568,
        "delete": 123709,
        "read": 492690,
        "update": 247184
      },
      "TotalOperations": 1234151
    }
  },
  "Global": {
    "TotalOperations": 1234151,
    "Latency": {
      "create": {
        "P50": 0.09125,
        "P95": 0.22424999999999998,
        "P99": 0.368875,
        "P999": 0.695799,
        "Mean": 0.11018899999999998,
        "Min": 0.025166,
        "Max": 27.486709,
        "Count": 370568
      },
      "delete": {
        "P50": 0.06425,
        "P95": 0.191708,
        "P99": 0.327451,
        "P999": 0.607942,
        "Mean": 0.082933,
        "Min": 0.010583,
        "Max": 18.880875,
        "Count": 123709
      },
      "read": {
        "P50": 0.063959,
        "P95": 0.192792,
        "P99": 0.325791,
        "P999": 0.592859,
        "Mean": 0.082677,
        "Min": 0.009916,
        "Max": 39.686084,
        "Count": 492690
      },
      "update": {
        "P50": 0.09125,
        "P95": 0.223958,
        "P99": 0.369264,
        "P999": 0.712645,
        "Mean": 0.110124,
        "Min": 0.026834,
        "Max": 15.360625,
        "Count": 247184
      }
    },
    "TotalWALGrowth": 0,
    "TotalHealing": {
      "TotalHealings": 0,
      "TotalDocumentsHealed": 0,
      "HealingTimeSeconds": 0,
      "OverheadPercent": 0,
      "EventCount": 0,
      "InitialStats": null,
      "FinalStats": null
    },
    "PhaseStats": []
  }
}