{
  "TestConfig": {
    "Duration": 120000000000,
    "Workers": 10,
    "Operations": 0,
    "ReadPercent": 40,
    "WritePercent": 30,
    "UpdatePercent": 20,
    "DeletePercent": 10,
    "DocumentSize": 1024,
    "DocumentCount": 10000,
    "MetricsInterval": 1000000000,
    "SocketPath": "/tmp/docdb.sock",
    "DBName": "loadtest",
    "WALDir": "./docdb/data/wal",
    "OutputPath": "./matrix_results/1db_1conn_2w.json",
    "CSVOutput": true,
    "Seed": 1769668106675743000,
    "Databases": [
      {
        "Name": "db1",
        "Workers": 2,
        "DocumentSize": 1024,
        "DocumentCount": 10000,
        "CRUDPercent": null,
        "WALDir": "./docdb/data/wal"
      }
    ],
    "WorkloadProfile": null,
    "PerDatabaseCRUD": false,
    "ConnectionsPerDB": 1
  },
  "DurationSeconds": 120.00156875,
  "TotalOperations": 54384,
  "Databases": {
    "db1": {
      "Name": "db1",
      "Latency": {
        "create": {
          "P50": 0.823708,
          "P95": 18.247691,
          "P99": 33.96421,
          "P999": 99.257074,
          "Mean": 5.169412,
          "Min": 0.049042,
          "Max": 208.80175,
          "Count": 16479
        },
        "delete": {
          "P50": 0.181,
          "P95": 11.848983,
          "P99": 24.646751,
          "P999": 94.571451,
          "Mean": 2.724402,
          "Min": 0.022292,
          "Max": 181.828667,
          "Count": 5473
        },
        "read": {
          "P50": 0.199792,
          "P95": 11.000116,
          "P99": 23.743668,
          "P999": 83.351762,
          "Mean": 2.118048,
          "Min": 0.021625,
          "Max": 157.839125,
          "Count": 21757
        },
        "update": {
          "P50": 6.815417,
          "P95": 22.10565,
          "P99": 41.746534,
          "P999": 106.563228,
          "Mean": 8.778035,
          "Min": 0.050917,
          "Max": 202.722916,
          "Count": 10677
        }
      },
      "WALGrowth": {
        "InitialSizeBytes": 141417640,
        "FinalSizeBytes": 155448760,
        "MaxSizeBytes": 155448760,
        "GrowthRateBytesPerSec": 116914.89657570927,
        "SampleCount": 122,
        "DurationSeconds": 120.011396417
      },
      "Healing": {
        "TotalHealings": 0,
        "TotalDocumentsHealed": 0,
        "HealingTimeSeconds": 0,
        "OverheadPercent": 0,
        "EventCount": 0,
        "InitialStats": {
          "TotalScans": 0,
          "DocumentsHealed": 0,
          "DocumentsCorrupted": 0,
          "OnDemandHealings": 0,
          "BackgroundHealings": 0,
          "LastScanTime": "0001-01-01T00:00:00Z",
          "LastHealingTime": "0001-01-01T00:00:00Z"
        },
        "FinalStats": {
          "TotalScans": 0,
          "DocumentsHealed": 0,
          "DocumentsCorrupted": 0,
          "OnDemandHealings": 0,
          "BackgroundHealings": 0,
          "LastScanTime": "0001-01-01T00:00:00Z",
          "LastHealingTime": "0001-01-01T00:00:00Z"
        }
      },
      "OperationCounts": {
        "create": 16479,
        "delete": 5473,
        "read": 21757,
        "update": 10677
      },
      "TotalOperations": 54386
    }
  },
  "Global": {
    "TotalOperations": 54386,
    "Latency": {
      "create": {
        "P50": 0.823708,
        "P95": 18.247691,
        "P99": 33.96421,
        "P999": 99.257074,
        "Mean": 5.169412,
        "Min": 0.049042,
        "Max": 208.80175,
        "Count": 16479
      },
      "delete": {
        "P50": 0.181,
        "P95": 11.848983,
        "P99": 24.646751,
        "P999": 94.571451,
        "Mean": 2.724402,
        "Min": 0.022292,
        "Max": 181.828667,
        "Count": 5473
      },
      "read": {
        "P50": 0.199792,
        "P95": 11.000116,
        "P99": 23.743668,
        "P999": 83.351762,
        "Mean": 2.118048,
        "Min": 0.021625,
        "Max": 157.839125,
        "Count": 21757
      },
      "update": {
        "P50": 6.815417,
        "P95": 22.10565,
        "P99": 41.746534,
        "P999": 106.563228,
        "Mean": 8.778035,
        "Min": 0.050917,
        "Max": 202.722916,
        "Count": 10677
      }
    },
    "TotalWALGrowth": 14031120,
    "TotalHealing": {
      "TotalHealings": 0,
      "TotalDocumentsHealed": 0,
      "HealingTimeSeconds": 0,
      "OverheadPercent": 0,
      "EventCount": 0,
      "InitialStats": null,
      "FinalStats": null
    },
    "PhaseStats": []
  }
}