{
  "TestConfig": {
    "Duration": 120000000000,
    "Workers": 10,
    "Operations": 0,
    "ReadPercent": 40,
    "WritePercent": 30,
    "UpdatePercent": 20,
    "DeletePercent": 10,
    "DocumentSize": 1024,
    "DocumentCount": 10000,
    "MetricsInterval": 1000000000,
    "SocketPath": "/tmp/docdb.sock",
    "DBName": "loadtest",
    "WALDir": "./docdb/data/wal",
    "OutputPath": "./matrix_results/1db_10conn_5w.json",
    "CSVOutput": true,
    "Seed": 1769669217624878000,
    "Databases": [
      {
        "Name": "db1",
        "Workers": 5,
        "DocumentSize": 1024,
        "DocumentCount": 10000,
        "CRUDPercent": null,
        "WALDir": "./docdb/data/wal"
      }
    ],
    "WorkloadProfile": null,
    "PerDatabaseCRUD": false,
    "ConnectionsPerDB": 10
  },
  "DurationSeconds": 120.000270625,
  "TotalOperations": 1166272,
  "Databases": {
    "db1": {
      "Name": "db1",
      "Latency": {
        "create": {
          "P50": 0.112792,
          "P95": 3.695667,
          "P99": 4.509112,
          "P999": 5.594848,
          "Mean": 0.577036,
          "Min": 0.031417,
          "Max": 66.9825,
          "Count": 349653
        },
        "delete": {
          "P50": 0.080875,
          "P95": 3.626125,
          "P99": 4.429375,
          "P999": 5.457792,
          "Mean": 0.455322,
          "Min": 0.014083,
          "Max": 46.232291,
          "Count": 117001
        },
        "read": {
          "P50": 0.080958,
          "P95": 3.621153,
          "P99": 4.423945,
          "P999": 5.485094,
          "Mean": 0.450708,
          "Min": 0.012958,
          "Max": 57.672625,
          "Count": 466067
        },
        "update": {
          "P50": 0.112375,
          "P95": 3.690709,
          "P99": 4.509604,
          "P999": 5.586537,
          "Mean": 0.573557,
          "Min": 0.03175,
          "Max": 86.161791,
          "Count": 233551
        }
      },
      "WALGrowth": {
        "InitialSizeBytes": 233497786,
        "FinalSizeBytes": 233497786,
        "MaxSizeBytes": 233497786,
        "GrowthRateBytesPerSec": 0,
        "SampleCount": 122,
        "DurationSeconds": 120.0004925
      },
      "Healing": {
        "TotalHealings": 0,
        "TotalDocumentsHealed": 0,
        "HealingTimeSeconds": 0,
        "OverheadPercent": 0,
        "EventCount": 0,
        "InitialStats": {
          "TotalScans": 0,
          "DocumentsHealed": 0,
          "DocumentsCorrupted": 0,
          "OnDemandHealings": 0,
          "BackgroundHealings": 0,
          "LastScanTime": "0001-01-01T00:00:00Z",
          "LastHealingTime": "0001-01-01T00:00:00Z"
        },
        "FinalStats": {
          "TotalScans": 0,
          "DocumentsHealed": 0,
          "DocumentsCorrupted": 0,
          "OnDemandHealings": 0,
          "BackgroundHealings": 0,
          "LastScanTime": "0001-01-01T00:00:00Z",
          "LastHealingTime": "0001-01-01T00:00:00Z"
        }
      },
      "OperationCounts": {
        "create": 349653,
        "delete": 117001,
        "read": 466067,
        "update": 233551
      },
      "TotalOperations": 1166272
    }
  },
  "Global": {
    "TotalOperations": 1166272,
    "Latency": {
      "create": {
        "P50": 0.112792,
        "P95": 3.6956669999999994,
        "P99": 4.509112,
        "P999": 5.594848,
        "Mean": 0.577036,
        "Min": 0.031417,
        "Max": 66.9825,
        "Count": 349653
      },
      "delete": {
        "P50": 0.080875,
        "P95": 3.626125,
        "P99": 4.429375,
        "P999": 5.457792,
        "Mean": 0.455322,
        "Min": 0.014083,
        "Max": 46.232291,
        "Count": 117001
      },
      "read": {
        "P50": 0.080958,
        "P95": 3.621153,
        "P99": 4.423945,
        "P999": 5.485094,
        "Mean": 0.450708,
        "Min": 0.012958,
        "Max": 57.672625,
        "Count": 466067
      },
      "update": {
        "P50": 0.112375,
        "P95": 3.690709,
        "P99": 4.509604,
        "P999": 5.586537,
        "Mean": 0.573557,
        "Min": 0.03175,
        "Max": 86.161791,
        "Count": 233551
      }
    },
    "TotalWALGrowth": 0,
    "TotalHealing": {
      "TotalHealings": 0,
      "TotalDocumentsHealed": 0,
      "HealingTimeSeconds": 0,
      "OverheadPercent": 0,
      "EventCount": 0,
      "InitialStats": null,
      "FinalStats": null
    },
    "PhaseStats": []
  }
}