{
  "TestConfig": {
    "Duration": 120000000000,
    "Workers": 10,
    "Operations": 0,
    "ReadPercent": 40,
    "WritePercent": 30,
    "UpdatePercent": 20,
    "DeletePercent": 10,
    "DocumentSize": 1024,
    "DocumentCount": 10000,
    "MetricsInterval": 1000000000,
    "SocketPath": "/tmp/docdb.sock",
    "DBName": "loadtest",
    "WALDir": "./docdb/data/wal",
    "OutputPath": "matrix_results/json/1db_5conn_1w.json",
    "OutputDir": "./matrix_results",
    "CSVOutput": true,
    "Seed": 1769751731395194000,
    "Databases": [
      {
        "Name": "db1",
        "Workers": 1,
        "DocumentSize": 1024,
        "DocumentCount": 10000,
        "CRUDPercent": null,
        "WALDir": "./docdb/data/wal"
      }
    ],
    "WorkloadProfile": null,
    "PerDatabaseCRUD": false,
    "ConnectionsPerDB": 5
  },
  "DurationSeconds": 120.000463791,
  "TotalOperations": 64280,
  "Databases": {
    "db1": {
      "Name": "db1",
      "Latency": {
        "create": {
          "P50": 0.119854,
          "P95": 8.048402,
          "P99": 11.006849,
          "P999": 14.840807,
          "Mean": 2.209982,
          "Min": 0.036792,
          "Max": 31.563875,
          "Count": 19190
        },
        "delete": {
          "P50": 0.063708,
          "P95": 2.828837,
          "P99": 4.046039,
          "P999": 7.15554,
          "Mean": 0.283561,
          "Min": 0.019083,
          "Max": 21.59825,
          "Count": 6423
        },
        "read": {
          "P50": 0.070708,
          "P95": 0.137683,
          "P99": 0.234411,
          "P999": 2.526882,
          "Mean": 0.087506,
          "Min": 0.021292,
          "Max": 27.991833,
          "Count": 25753
        },
        "update": {
          "P50": 7.540916,
          "P95": 8.58607,
          "P99": 12.02822,
          "P999": 21.38776,
          "Mean": 5.684282,
          "Min": 0.036875,
          "Max": 201.906,
          "Count": 12914
        }
      },
      "WALGrowth": {
        "InitialSizeBytes": 17574478,
        "FinalSizeBytes": 34946770,
        "MaxSizeBytes": 34946770,
        "GrowthRateBytesPerSec": 144767.97704324688,
        "SampleCount": 121,
        "DurationSeconds": 120.000930833
      },
      "Healing": {
        "TotalHealings": 0,
        "TotalDocumentsHealed": 0,
        "HealingTimeSeconds": 0,
        "OverheadPercent": 0,
        "EventCount": 0,
        "InitialStats": {
          "TotalScans": 0,
          "DocumentsHealed": 0,
          "DocumentsCorrupted": 0,
          "OnDemandHealings": 0,
          "BackgroundHealings": 0,
          "LastScanTime": "0001-01-01T00:00:00Z",
          "LastHealingTime": "0001-01-01T00:00:00Z"
        },
        "FinalStats": {
          "TotalScans": 0,
          "DocumentsHealed": 0,
          "DocumentsCorrupted": 0,
          "OnDemandHealings": 0,
          "BackgroundHealings": 0,
          "LastScanTime": "0001-01-01T00:00:00Z",
          "LastHealingTime": "0001-01-01T00:00:00Z"
        }
      },
      "OperationCounts": {
        "create": 19190,
        "delete": 6423,
        "read": 25753,
        "update": 12914
      },
      "TotalOperations": 64280
    }
  },
  "Global": {
    "TotalOperations": 64280,
    "Latency": {
      "create": {
        "P50": 0.11985399999999999,
        "P95": 8.048402,
        "P99": 11.006849,
        "P999": 14.840807000000002,
        "Mean": 2.209982,
        "Min": 0.036792,
        "Max": 31.563875,
        "Count": 19190
      },
      "delete": {
        "P50": 0.063708,
        "P95": 2.828837,
        "P99": 4.046039,
        "P999": 7.15554,
        "Mean": 0.283561,
        "Min": 0.019083,
        "Max": 21.59825,
        "Count": 6423
      },
      "read": {
        "P50": 0.070708,
        "P95": 0.137683,
        "P99": 0.234411,
        "P999": 2.526882,
        "Mean": 0.087506,
        "Min": 0.021292,
        "Max": 27.991833,
        "Count": 25753
      },
      "update": {
        "P50": 7.540916,
        "P95": 8.58607,
        "P99": 12.02822,
        "P999": 21.38776,
        "Mean": 5.6842820000000005,
        "Min": 0.036875,
        "Max": 201.906,
        "Count": 12914
      }
    },
    "TotalWALGrowth": 17372292,
    "TotalHealing": {
      "TotalHealings": 0,
      "TotalDocumentsHealed": 0,
      "HealingTimeSeconds": 0,
      "OverheadPercent": 0,
      "EventCount": 0,
      "InitialStats": null,
      "FinalStats": null
    },
    "PhaseStats": []
  }
}