{
  "TestConfig": {
    "Duration": 120000000000,
    "Workers": 10,
    "Operations": 0,
    "ReadPercent": 40,
    "WritePercent": 30,
    "UpdatePercent": 20,
    "DeletePercent": 10,
    "DocumentSize": 1024,
    "DocumentCount": 10000,
    "MetricsInterval": 1000000000,
    "SocketPath": "/tmp/docdb.sock",
    "DBName": "loadtest",
    "WALDir": "./docdb/data/wal",
    "OutputPath": "matrix_results/json/1db_5conn_1w.json",
    "OutputDir": "./matrix_results",
    "CSVOutput": true,
    "Seed": 1769700084256140000,
    "Databases": [
      {
        "Name": "db1",
        "Workers": 1,
        "DocumentSize": 1024,
        "DocumentCount": 10000,
        "CRUDPercent": null,
        "WALDir": "./docdb/data/wal"
      }
    ],
    "WorkloadProfile": null,
    "PerDatabaseCRUD": false,
    "ConnectionsPerDB": 5
  },
  "DurationSeconds": 120.000221667,
  "TotalOperations": 63208,
  "Databases": {
    "db1": {
      "Name": "db1",
      "Latency": {
        "create": {
          "P50": 0.1205,
          "P95": 8.029285,
          "P99": 10.596308,
          "P999": 13.827068,
          "Mean": 1.981051,
          "Min": 0.036667,
          "Max": 17.76,
          "Count": 18864
        },
        "delete": {
          "P50": 0.06725,
          "P95": 3.496812,
          "P99": 4.130753,
          "P999": 7.925082,
          "Mean": 0.401411,
          "Min": 0.022208,
          "Max": 19.927042,
          "Count": 6315
        },
        "read": {
          "P50": 0.0845,
          "P95": 0.318417,
          "P99": 0.469676,
          "P999": 3.450824,
          "Mean": 0.131238,
          "Min": 0.022666,
          "Max": 16.871875,
          "Count": 25349
        },
        "update": {
          "P50": 7.666709,
          "P95": 8.574124,
          "P99": 11.952066,
          "P999": 17.088904,
          "Mean": 6.045371,
          "Min": 0.036291,
          "Max": 58.947958,
          "Count": 12681
        }
      },
      "WALGrowth": {
        "InitialSizeBytes": 82609352,
        "FinalSizeBytes": 99112928,
        "MaxSizeBytes": 99112928,
        "GrowthRateBytesPerSec": 137520.54887807652,
        "SampleCount": 122,
        "DurationSeconds": 120.0080725
      },
      "Healing": {
        "TotalHealings": 0,
        "TotalDocumentsHealed": 0,
        "HealingTimeSeconds": 0,
        "OverheadPercent": 0,
        "EventCount": 0,
        "InitialStats": {
          "TotalScans": 0,
          "DocumentsHealed": 0,
          "DocumentsCorrupted": 0,
          "OnDemandHealings": 0,
          "BackgroundHealings": 0,
          "LastScanTime": "0001-01-01T00:00:00Z",
          "LastHealingTime": "0001-01-01T00:00:00Z"
        },
        "FinalStats": {
          "TotalScans": 0,
          "DocumentsHealed": 0,
          "DocumentsCorrupted": 0,
          "OnDemandHealings": 0,
          "BackgroundHealings": 0,
          "LastScanTime": "0001-01-01T00:00:00Z",
          "LastHealingTime": "0001-01-01T00:00:00Z"
        }
      },
      "OperationCounts": {
        "create": 18864,
        "delete": 6315,
        "read": 25349,
        "update": 12681
      },
      "TotalOperations": 63209
    }
  },
  "Global": {
    "TotalOperations": 63209,
    "Latency": {
      "create": {
        "P50": 0.12050000000000001,
        "P95": 8.029285,
        "P99": 10.596308,
        "P999": 13.827068,
        "Mean": 1.9810509999999997,
        "Min": 0.036667,
        "Max": 17.76,
        "Count": 18864
      },
      "delete": {
        "P50": 0.06725,
        "P95": 3.4968120000000003,
        "P99": 4.130753,
        "P999": 7.925082,
        "Mean": 0.40141099999999996,
        "Min": 0.022208,
        "Max": 19.927042,
        "Count": 6315
      },
      "read": {
        "P50": 0.08450000000000002,
        "P95": 0.318417,
        "P99": 0.4696759999999999,
        "P999": 3.450824,
        "Mean": 0.131238,
        "Min": 0.022666,
        "Max": 16.871875,
        "Count": 25349
      },
      "update": {
        "P50": 7.666709,
        "P95": 8.574124,
        "P99": 11.952066,
        "P999": 17.088904,
        "Mean": 6.045370999999999,
        "Min": 0.036291,
        "Max": 58.947958,
        "Count": 12681
      }
    },
    "TotalWALGrowth": 16503576,
    "TotalHealing": {
      "TotalHealings": 0,
      "TotalDocumentsHealed": 0,
      "HealingTimeSeconds": 0,
      "OverheadPercent": 0,
      "EventCount": 0,
      "InitialStats": null,
      "FinalStats": null
    },
    "PhaseStats": []
  }
}