{
  "TestConfig": {
    "Duration": 120000000000,
    "Workers": 10,
    "Operations": 0,
    "ReadPercent": 40,
    "WritePercent": 30,
    "UpdatePercent": 20,
    "DeletePercent": 10,
    "DocumentSize": 1024,
    "DocumentCount": 10000,
    "MetricsInterval": 1000000000,
    "SocketPath": "/tmp/docdb.sock",
    "DBName": "loadtest",
    "WALDir": "./docdb/data/wal",
    "OutputPath": "matrix_results/json/1db_100conn_2w.json",
    "OutputDir": "./matrix_results",
    "CSVOutput": true,
    "Seed": 1769762578252273000,
    "Databases": [
      {
        "Name": "db1",
        "Workers": 2,
        "DocumentSize": 1024,
        "DocumentCount": 10000,
        "CRUDPercent": null,
        "WALDir": "./docdb/data/wal"
      }
    ],
    "WorkloadProfile": null,
    "PerDatabaseCRUD": false,
    "ConnectionsPerDB": 100
  },
  "DurationSeconds": 120.000150083,
  "TotalOperations": 1902778,
  "Databases": {
    "db1": {
      "Name": "db1",
      "Latency": {
        "create": {
          "P50": 0.058125,
          "P95": 1.117417,
          "P99": 1.659757,
          "P999": 2.462429,
          "Mean": 0.150404,
          "Min": 0.036333,
          "Max": 156.130083,
          "Count": 570683
        },
        "delete": {
          "P50": 0.046416,
          "P95": 0.282291,
          "P99": 1.161167,
          "P999": 1.554257,
          "Mean": 0.100651,
          "Min": 0.019292,
          "Max": 156.795209,
          "Count": 190655
        },
        "read": {
          "P50": 0.046292,
          "P95": 0.278833,
          "P99": 1.15925,
          "P999": 1.571002,
          "Mean": 0.100064,
          "Min": 0.017875,
          "Max": 779.607542,
          "Count": 761535
        },
        "update": {
          "P50": 0.058125,
          "P95": 1.116875,
          "P99": 1.662241,
          "P999": 2.499967,
          "Mean": 0.152256,
          "Min": 0.036125,
          "Max": 779.222083,
          "Count": 379906
        }
      },
      "WALGrowth": {
        "InitialSizeBytes": 106685608,
        "FinalSizeBytes": 106685608,
        "MaxSizeBytes": 106685608,
        "GrowthRateBytesPerSec": 0,
        "SampleCount": 122,
        "DurationSeconds": 120.000283667
      },
      "Healing": {
        "TotalHealings": 0,
        "TotalDocumentsHealed": 0,
        "HealingTimeSeconds": 0,
        "OverheadPercent": 0,
        "EventCount": 0,
        "InitialStats": {
          "TotalScans": 0,
          "DocumentsHealed": 0,
          "DocumentsCorrupted": 0,
          "OnDemandHealings": 0,
          "BackgroundHealings": 0,
          "LastScanTime": "0001-01-01T00:00:00Z",
          "LastHealingTime": "0001-01-01T00:00:00Z"
        },
        "FinalStats": {
          "TotalScans": 0,
          "DocumentsHealed": 0,
          "DocumentsCorrupted": 0,
          "OnDemandHealings": 0,
          "BackgroundHealings": 0,
          "LastScanTime": "0001-01-01T00:00:00Z",
          "LastHealingTime": "0001-01-01T00:00:00Z"
        }
      },
      "OperationCounts": {
        "create": 570683,
        "delete": 190655,
        "read": 761535,
        "update": 379906
      },
      "TotalOperations": 1902779
    }
  },
  "Global": {
    "TotalOperations": 1902779,
    "Latency": {
      "create": {
        "P50": 0.05812500000000001,
        "P95": 1.117417,
        "P99": 1.659757,
        "P999": 2.462429,
        "Mean": 0.150404,
        "Min": 0.036333,
        "Max": 156.130083,
        "Count": 570683
      },
      "delete": {
        "P50": 0.046416,
        "P95": 0.282291,
        "P99": 1.161167,
        "P999": 1.554257,
        "Mean": 0.100651,
        "Min": 0.019292,
        "Max": 156.795209,
        "Count": 190655
      },
      "read": {
        "P50": 0.046292,
        "P95": 0.278833,
        "P99": 1.15925,
        "P999": 1.571002,
        "Mean": 0.10006400000000001,
        "Min": 0.017875,
        "Max": 779.607542,
        "Count": 761535
      },
      "update": {
        "P50": 0.058125,
        "P95": 1.116875,
        "P99": 1.6622409999999999,
        "P999": 2.499967,
        "Mean": 0.152256,
        "Min": 0.036125,
        "Max": 779.222083,
        "Count": 379906
      }
    },
    "TotalWALGrowth": 0,
    "TotalHealing": {
      "TotalHealings": 0,
      "TotalDocumentsHealed": 0,
      "HealingTimeSeconds": 0,
      "OverheadPercent": 0,
      "EventCount": 0,
      "InitialStats": null,
      "FinalStats": null
    },
    "PhaseStats": []
  }
}