{
  "TestConfig": {
    "Duration": 60000000000,
    "Workers": 10,
    "Operations": 0,
    "ReadPercent": 40,
    "WritePercent": 30,
    "UpdatePercent": 20,
    "DeletePercent": 10,
    "DocumentSize": 1024,
    "DocumentCount": 10000,
    "MetricsInterval": 1000000000,
    "SocketPath": "/tmp/docdb.sock",
    "DBName": "loadtest",
    "WALDir": "./docdb/data/wal",
    "OutputPath": "matrix_results/json/1db_5conn_1w.json",
    "OutputDir": "./matrix_results",
    "CSVOutput": true,
    "Seed": 1769698321123207000,
    "Databases": [
      {
        "Name": "db1",
        "Workers": 1,
        "DocumentSize": 1024,
        "DocumentCount": 10000,
        "CRUDPercent": null,
        "WALDir": "./docdb/data/wal"
      }
    ],
    "WorkloadProfile": null,
    "PerDatabaseCRUD": false,
    "ConnectionsPerDB": 5
  },
  "DurationSeconds": 60.000197209,
  "TotalOperations": 32701,
  "Databases": {
    "db1": {
      "Name": "db1",
      "Latency": {
        "create": {
          "P50": 0.127417,
          "P95": 7.993687,
          "P99": 8.556458,
          "P999": 12.069191,
          "Mean": 1.796385,
          "Min": 0.037625,
          "Max": 15.383542,
          "Count": 9851
        },
        "delete": {
          "P50": 0.070791,
          "P95": 3.538926,
          "P99": 4.024827,
          "P999": 8.346112,
          "Mean": 0.427956,
          "Min": 0.023625,
          "Max": 13.070125,
          "Count": 3316
        },
        "read": {
          "P50": 0.085667,
          "P95": 0.312312,
          "P99": 0.433489,
          "P999": 3.220016,
          "Mean": 0.129085,
          "Min": 0.022875,
          "Max": 4.809916,
          "Count": 13007
        },
        "update": {
          "P50": 7.618916,
          "P95": 8.37282,
          "P99": 11.773248,
          "P999": 16.443519,
          "Mean": 5.995966,
          "Min": 0.040083,
          "Max": 29.853041,
          "Count": 6528
        }
      },
      "WALGrowth": {
        "InitialSizeBytes": 52294262,
        "FinalSizeBytes": 60597384,
        "MaxSizeBytes": 60597384,
        "GrowthRateBytesPerSec": 138369.08033764202,
        "SampleCount": 61,
        "DurationSeconds": 60.007062125
      },
      "Healing": {
        "TotalHealings": 0,
        "TotalDocumentsHealed": 0,
        "HealingTimeSeconds": 0,
        "OverheadPercent": 0,
        "EventCount": 0,
        "InitialStats": {
          "TotalScans": 0,
          "DocumentsHealed": 0,
          "DocumentsCorrupted": 0,
          "OnDemandHealings": 0,
          "BackgroundHealings": 0,
          "LastScanTime": "0001-01-01T00:00:00Z",
          "LastHealingTime": "0001-01-01T00:00:00Z"
        },
        "FinalStats": {
          "TotalScans": 0,
          "DocumentsHealed": 0,
          "DocumentsCorrupted": 0,
          "OnDemandHealings": 0,
          "BackgroundHealings": 0,
          "LastScanTime": "0001-01-01T00:00:00Z",
          "LastHealingTime": "0001-01-01T00:00:00Z"
        }
      },
      "OperationCounts": {
        "create": 9851,
        "delete": 3316,
        "read": 13007,
        "update": 6528
      },
      "TotalOperations": 32702
    }
  },
  "Global": {
    "TotalOperations": 32702,
    "Latency": {
      "create": {
        "P50": 0.127417,
        "P95": 7.993687,
        "P99": 8.556458,
        "P999": 12.069191,
        "Mean": 1.796385,
        "Min": 0.037625,
        "Max": 15.383542,
        "Count": 9851
      },
      "delete": {
        "P50": 0.070791,
        "P95": 3.538926,
        "P99": 4.024827,
        "P999": 8.346112,
        "Mean": 0.427956,
        "Min": 0.023625,
        "Max": 13.070125,
        "Count": 3316
      },
      "read": {
        "P50": 0.085667,
        "P95": 0.312312,
        "P99": 0.433489,
        "P999": 3.220016,
        "Mean": 0.129085,
        "Min": 0.022875,
        "Max": 4.809916,
        "Count": 13007
      },
      "update": {
        "P50": 7.618916,
        "P95": 8.37282,
        "P99": 11.773248,
        "P999": 16.443519,
        "Mean": 5.995966,
        "Min": 0.040083,
        "Max": 29.853041,
        "Count": 6528
      }
    },
    "TotalWALGrowth": 8303122,
    "TotalHealing": {
      "TotalHealings": 0,
      "TotalDocumentsHealed": 0,
      "HealingTimeSeconds": 0,
      "OverheadPercent": 0,
      "EventCount": 0,
      "InitialStats": null,
      "FinalStats": null
    },
    "PhaseStats": []
  }
}