{
  "TestConfig": {
    "Duration": 60000000000,
    "Workers": 10,
    "Operations": 0,
    "ReadPercent": 40,
    "WritePercent": 30,
    "UpdatePercent": 20,
    "DeletePercent": 10,
    "DocumentSize": 1024,
    "DocumentCount": 10000,
    "MetricsInterval": 1000000000,
    "SocketPath": "/tmp/docdb.sock",
    "DBName": "loadtest",
    "WALDir": "./docdb/data/wal",
    "OutputPath": "matrix_results/json/1db_5conn_1w.json",
    "OutputDir": "docdb/tests/load/results",
    "CSVOutput": true,
    "Seed": 1769689937120345000,
    "Databases": [
      {
        "Name": "db1",
        "Workers": 1,
        "DocumentSize": 1024,
        "DocumentCount": 10000,
        "CRUDPercent": null,
        "WALDir": "./docdb/data/wal"
      }
    ],
    "WorkloadProfile": null,
    "PerDatabaseCRUD": false,
    "ConnectionsPerDB": 5
  },
  "DurationSeconds": 60.000825917,
  "TotalOperations": 31743,
  "Databases": {
    "db1": {
      "Name": "db1",
      "Latency": {
        "create": {
          "P50": 0.143917,
          "P95": 8.040458,
          "P99": 9.102933,
          "P999": 14.626404,
          "Mean": 1.918602,
          "Min": 0.031667,
          "Max": 40.453167,
          "Count": 9471
        },
        "delete": {
          "P50": 0.081834,
          "P95": 3.641274,
          "P99": 4.239964,
          "P999": 5.84609,
          "Mean": 0.432585,
          "Min": 0.018541,
          "Max": 6.816209,
          "Count": 3127
        },
        "read": {
          "P50": 0.090417,
          "P95": 0.258562,
          "P99": 0.431054,
          "P999": 1.018277,
          "Mean": 0.105992,
          "Min": 0.015459,
          "Max": 9.969334,
          "Count": 12771
        },
        "update": {
          "P50": 7.726541,
          "P95": 8.826433,
          "P99": 10.400666,
          "P999": 17.016626,
          "Mean": 6.126617,
          "Min": 0.034208,
          "Max": 30.431709,
          "Count": 6375
        }
      },
      "WALGrowth": {
        "InitialSizeBytes": 30394760,
        "FinalSizeBytes": 38648484,
        "MaxSizeBytes": 38648484,
        "GrowthRateBytesPerSec": 137550.25539817344,
        "SampleCount": 62,
        "DurationSeconds": 60.005152125
      },
      "Healing": {
        "TotalHealings": 0,
        "TotalDocumentsHealed": 0,
        "HealingTimeSeconds": 0,
        "OverheadPercent": 0,
        "EventCount": 0,
        "InitialStats": {
          "TotalScans": 0,
          "DocumentsHealed": 0,
          "DocumentsCorrupted": 0,
          "OnDemandHealings": 0,
          "BackgroundHealings": 0,
          "LastScanTime": "0001-01-01T00:00:00Z",
          "LastHealingTime": "0001-01-01T00:00:00Z"
        },
        "FinalStats": {
          "TotalScans": 0,
          "DocumentsHealed": 0,
          "DocumentsCorrupted": 0,
          "OnDemandHealings": 0,
          "BackgroundHealings": 0,
          "LastScanTime": "0001-01-01T00:00:00Z",
          "LastHealingTime": "0001-01-01T00:00:00Z"
        }
      },
      "OperationCounts": {
        "create": 9471,
        "delete": 3127,
        "read": 12771,
        "update": 6375
      },
      "TotalOperations": 31744
    }
  },
  "Global": {
    "TotalOperations": 31744,
    "Latency": {
      "create": {
        "P50": 0.143917,
        "P95": 8.040458,
        "P99": 9.102933,
        "P999": 14.626404,
        "Mean": 1.918602,
        "Min": 0.031667,
        "Max": 40.453167,
        "Count": 9471
      },
      "delete": {
        "P50": 0.081834,
        "P95": 3.641274,
        "P99": 4.239964,
        "P999": 5.84609,
        "Mean": 0.432585,
        "Min": 0.018541,
        "Max": 6.816209,
        "Count": 3127
      },
      "read": {
        "P50": 0.090417,
        "P95": 0.258562,
        "P99": 0.431054,
        "P999": 1.018277,
        "Mean": 0.105992,
        "Min": 0.015459,
        "Max": 9.969334,
        "Count": 12771
      },
      "update": {
        "P50": 7.726541,
        "P95": 8.826433,
        "P99": 10.400666000000001,
        "P999": 17.016626,
        "Mean": 6.126617,
        "Min": 0.034208,
        "Max": 30.431709,
        "Count": 6375
      }
    },
    "TotalWALGrowth": 8253724,
    "TotalHealing": {
      "TotalHealings": 0,
      "TotalDocumentsHealed": 0,
      "HealingTimeSeconds": 0,
      "OverheadPercent": 0,
      "EventCount": 0,
      "InitialStats": null,
      "FinalStats": null
    },
    "PhaseStats": []
  }
}