{
  "TestConfig": {
    "Duration": 120000000000,
    "Workers": 10,
    "Operations": 0,
    "ReadPercent": 40,
    "WritePercent": 30,
    "UpdatePercent": 20,
    "DeletePercent": 10,
    "DocumentSize": 1024,
    "DocumentCount": 10000,
    "MetricsInterval": 1000000000,
    "SocketPath": "/tmp/docdb.sock",
    "DBName": "loadtest",
    "WALDir": "./docdb/data/wal",
    "OutputPath": "./matrix_results/1db_1conn_10w.json",
    "CSVOutput": true,
    "Seed": 1769668353311113000,
    "Databases": [
      {
        "Name": "db1",
        "Workers": 10,
        "DocumentSize": 1024,
        "DocumentCount": 10000,
        "CRUDPercent": null,
        "WALDir": "./docdb/data/wal"
      }
    ],
    "WorkloadProfile": null,
    "PerDatabaseCRUD": false,
    "ConnectionsPerDB": 1
  },
  "DurationSeconds": 120.000405458,
  "TotalOperations": 69326,
  "Databases": {
    "db1": {
      "Name": "db1",
      "Latency": {
        "create": {
          "P50": 16.306937,
          "P95": 48.78264,
          "P99": 73.564802,
          "P999": 114.484079,
          "Mean": 18.323721,
          "Min": 0.033375,
          "Max": 194.598375,
          "Count": 20900
        },
        "delete": {
          "P50": 4.480333,
          "P95": 43.926831,
          "P99": 63.761294,
          "P999": 103.216025,
          "Mean": 15.025156,
          "Min": 0.019208,
          "Max": 182.882375,
          "Count": 7038
        },
        "read": {
          "P50": 0.792541,
          "P95": 44.561066,
          "P99": 68.312438,
          "P999": 115.253409,
          "Mean": 14.910105,
          "Min": 0.016208,
          "Max": 213.608875,
          "Count": 27565
        },
        "update": {
          "P50": 18.988917,
          "P95": 52.870362,
          "P99": 82.406636,
          "P999": 123.620946,
          "Mean": 21.707842,
          "Min": 0.030917,
          "Max": 207.618375,
          "Count": 13823
        }
      },
      "WALGrowth": {
        "InitialSizeBytes": 174632148,
        "FinalSizeBytes": 192502626,
        "MaxSizeBytes": 192502626,
        "GrowthRateBytesPerSec": 148915.64271151382,
        "SampleCount": 122,
        "DurationSeconds": 120.004035
      },
      "Healing": {
        "TotalHealings": 0,
        "TotalDocumentsHealed": 0,
        "HealingTimeSeconds": 0,
        "OverheadPercent": 0,
        "EventCount": 0,
        "InitialStats": {
          "TotalScans": 0,
          "DocumentsHealed": 0,
          "DocumentsCorrupted": 0,
          "OnDemandHealings": 0,
          "BackgroundHealings": 0,
          "LastScanTime": "0001-01-01T00:00:00Z",
          "LastHealingTime": "0001-01-01T00:00:00Z"
        },
        "FinalStats": {
          "TotalScans": 0,
          "DocumentsHealed": 0,
          "DocumentsCorrupted": 0,
          "OnDemandHealings": 0,
          "BackgroundHealings": 0,
          "LastScanTime": "0001-01-01T00:00:00Z",
          "LastHealingTime": "0001-01-01T00:00:00Z"
        }
      },
      "OperationCounts": {
        "create": 20900,
        "delete": 7038,
        "read": 27565,
        "update": 13823
      },
      "TotalOperations": 69326
    }
  },
  "Global": {
    "TotalOperations": 69326,
    "Latency": {
      "create": {
        "P50": 16.306937,
        "P95": 48.78264,
        "P99": 73.564802,
        "P999": 114.484079,
        "Mean": 18.323721,
        "Min": 0.033375,
        "Max": 194.598375,
        "Count": 20900
      },
      "delete": {
        "P50": 4.480333,
        "P95": 43.926831,
        "P99": 63.761294,
        "P999": 103.216025,
        "Mean": 15.025156,
        "Min": 0.019208,
        "Max": 182.882375,
        "Count": 7038
      },
      "read": {
        "P50": 0.7925410000000002,
        "P95": 44.561066,
        "P99": 68.312438,
        "P999": 115.253409,
        "Mean": 14.910104999999998,
        "Min": 0.016208,
        "Max": 213.608875,
        "Count": 27565
      },
      "update": {
        "P50": 18.988917,
        "P95": 52.870362,
        "P99": 82.406636,
        "P999": 123.620946,
        "Mean": 21.707842,
        "Min": 0.030917,
        "Max": 207.618375,
        "Count": 13823
      }
    },
    "TotalWALGrowth": 17870478,
    "TotalHealing": {
      "TotalHealings": 0,
      "TotalDocumentsHealed": 0,
      "HealingTimeSeconds": 0,
      "OverheadPercent": 0,
      "EventCount": 0,
      "InitialStats": null,
      "FinalStats": null
    },
    "PhaseStats": []
  }
}