{
  "TestConfig": {
    "Duration": 120000000000,
    "Workers": 10,
    "Operations": 0,
    "ReadPercent": 40,
    "WritePercent": 30,
    "UpdatePercent": 20,
    "DeletePercent": 10,
    "DocumentSize": 1024,
    "DocumentCount": 10000,
    "MetricsInterval": 1000000000,
    "SocketPath": "/tmp/docdb.sock",
    "DBName": "loadtest",
    "WALDir": "./docdb/data/wal",
    "OutputPath": "matrix_results/json/1db_20conn_2w.json",
    "OutputDir": "./matrix_results",
    "CSVOutput": true,
    "Seed": 1769763605816250000,
    "Databases": [
      {
        "Name": "db1",
        "Workers": 2,
        "DocumentSize": 1024,
        "DocumentCount": 10000,
        "CRUDPercent": null,
        "WALDir": "./docdb/data/wal"
      }
    ],
    "WorkloadProfile": null,
    "PerDatabaseCRUD": false,
    "ConnectionsPerDB": 20
  },
  "DurationSeconds": 120.00094525,
  "TotalOperations": 66414,
  "Databases": {
    "db1": {
      "Name": "db1",
      "Latency": {
        "create": {
          "P50": 0.144,
          "P95": 15.974046,
          "P99": 23.90142,
          "P999": 33.746582,
          "Mean": 4.711787,
          "Min": 0.028333,
          "Max": 428.560541,
          "Count": 19910
        },
        "delete": {
          "P50": 0.056375,
          "P95": 8.049302,
          "P99": 15.021038,
          "P999": 20.82535,
          "Mean": 1.060863,
          "Min": 0.015792,
          "Max": 35.861708,
          "Count": 6668
        },
        "read": {
          "P50": 0.0585,
          "P95": 8.053683,
          "P99": 15.082898,
          "P999": 20.996245,
          "Mean": 1.071332,
          "Min": 0.016125,
          "Max": 423.966375,
          "Count": 26493
        },
        "update": {
          "P50": 7.65675,
          "P95": 21.407216,
          "P99": 27.238503,
          "P999": 39.499963,
          "Mean": 8.292162,
          "Min": 0.033125,
          "Max": 424.596458,
          "Count": 13343
        }
      },
      "WALGrowth": {
        "InitialSizeBytes": 20960480,
        "FinalSizeBytes": 38819784,
        "MaxSizeBytes": 38819784,
        "GrowthRateBytesPerSec": 148826.18309786543,
        "SampleCount": 122,
        "DurationSeconds": 120.001088708
      },
      "Healing": {
        "TotalHealings": 0,
        "TotalDocumentsHealed": 0,
        "HealingTimeSeconds": 0,
        "OverheadPercent": 0,
        "EventCount": 0,
        "InitialStats": {
          "TotalScans": 0,
          "DocumentsHealed": 0,
          "DocumentsCorrupted": 0,
          "OnDemandHealings": 0,
          "BackgroundHealings": 0,
          "LastScanTime": "0001-01-01T00:00:00Z",
          "LastHealingTime": "0001-01-01T00:00:00Z"
        },
        "FinalStats": {
          "TotalScans": 0,
          "DocumentsHealed": 0,
          "DocumentsCorrupted": 0,
          "OnDemandHealings": 0,
          "BackgroundHealings": 0,
          "LastScanTime": "0001-01-01T00:00:00Z",
          "LastHealingTime": "0001-01-01T00:00:00Z"
        }
      },
      "OperationCounts": {
        "create": 19910,
        "delete": 6668,
        "read": 26493,
        "update": 13343
      },
      "TotalOperations": 66414
    }
  },
  "Global": {
    "TotalOperations": 66414,
    "Latency": {
      "create": {
        "P50": 0.144,
        "P95": 15.974046,
        "P99": 23.90142,
        "P999": 33.746582,
        "Mean": 4.711787,
        "Min": 0.028333,
        "Max": 428.560541,
        "Count": 19910
      },
      "delete": {
        "P50": 0.056375,
        "P95": 8.049302,
        "P99": 15.021038,
        "P999": 20.82535,
        "Mean": 1.060863,
        "Min": 0.015792,
        "Max": 35.861708,
        "Count": 6668
      },
      "read": {
        "P50": 0.0585,
        "P95": 8.053683,
        "P99": 15.082897999999998,
        "P999": 20.996245,
        "Mean": 1.071332,
        "Min": 0.016125,
        "Max": 423.966375,
        "Count": 26493
      },
      "update": {
        "P50": 7.65675,
        "P95": 21.407216,
        "P99": 27.238503,
        "P999": 39.499962999999994,
        "Mean": 8.292162,
        "Min": 0.033125,
        "Max": 424.596458,
        "Count": 13343
      }
    },
    "TotalWALGrowth": 17859304,
    "TotalHealing": {
      "TotalHealings": 0,
      "TotalDocumentsHealed": 0,
      "HealingTimeSeconds": 0,
      "OverheadPercent": 0,
      "EventCount": 0,
      "InitialStats": null,
      "FinalStats": null
    },
    "PhaseStats": []
  }
}