{
  "TestConfig": {
    "Duration": 60000000000,
    "Workers": 10,
    "Operations": 0,
    "ReadPercent": 40,
    "WritePercent": 30,
    "UpdatePercent": 20,
    "DeletePercent": 10,
    "DocumentSize": 1024,
    "DocumentCount": 10000,
    "MetricsInterval": 1000000000,
    "SocketPath": "/tmp/docdb.sock",
    "DBName": "loadtest",
    "WALDir": "./docdb/data/wal",
    "OutputPath": "matrix_results/json/1db_1conn_1w.json",
    "OutputDir": "docdb/tests/load/results",
    "CSVOutput": true,
    "Seed": 1769689876071194000,
    "Databases": [
      {
        "Name": "db1",
        "Workers": 1,
        "DocumentSize": 1024,
        "DocumentCount": 10000,
        "CRUDPercent": null,
        "WALDir": "./docdb/data/wal"
      }
    ],
    "WorkloadProfile": null,
    "PerDatabaseCRUD": false,
    "ConnectionsPerDB": 1
  },
  "DurationSeconds": 60.000723792,
  "TotalOperations": 31967,
  "Databases": {
    "db1": {
      "Name": "db1",
      "Latency": {
        "create": {
          "P50": 0.14125,
          "P95": 8.014375,
          "P99": 8.691958,
          "P999": 14.325408,
          "Mean": 1.94783,
          "Min": 0.030209,
          "Max": 25.306417,
          "Count": 9601
        },
        "delete": {
          "P50": 0.079333,
          "P95": 3.559364,
          "P99": 4.034156,
          "P999": 4.997454,
          "Mean": 0.406628,
          "Min": 0.016292,
          "Max": 7.933958,
          "Count": 3204
        },
        "read": {
          "P50": 0.089333,
          "P95": 0.311349,
          "P99": 0.392177,
          "P999": 1.616254,
          "Mean": 0.124752,
          "Min": 0.015875,
          "Max": 20.918416,
          "Count": 12764
        },
        "update": {
          "P50": 7.698208,
          "P95": 8.396262,
          "P99": 10.120509,
          "P999": 17.168216,
          "Mean": 5.991685,
          "Min": 0.03025,
          "Max": 29.713458,
          "Count": 6399
        }
      },
      "WALGrowth": {
        "InitialSizeBytes": 22075956,
        "FinalSizeBytes": 30393634,
        "MaxSizeBytes": 30393634,
        "GrowthRateBytesPerSec": 138625.04129476607,
        "SampleCount": 61,
        "DurationSeconds": 60.001266166
      },
      "Healing": {
        "TotalHealings": 0,
        "TotalDocumentsHealed": 0,
        "HealingTimeSeconds": 0,
        "OverheadPercent": 0,
        "EventCount": 0,
        "InitialStats": {
          "TotalScans": 0,
          "DocumentsHealed": 0,
          "DocumentsCorrupted": 0,
          "OnDemandHealings": 0,
          "BackgroundHealings": 0,
          "LastScanTime": "0001-01-01T00:00:00Z",
          "LastHealingTime": "0001-01-01T00:00:00Z"
        },
        "FinalStats": {
          "TotalScans": 0,
          "DocumentsHealed": 0,
          "DocumentsCorrupted": 0,
          "OnDemandHealings": 0,
          "BackgroundHealings": 0,
          "LastScanTime": "0001-01-01T00:00:00Z",
          "LastHealingTime": "0001-01-01T00:00:00Z"
        }
      },
      "OperationCounts": {
        "create": 9601,
        "delete": 3204,
        "read": 12764,
        "update": 6399
      },
      "TotalOperations": 31968
    }
  },
  "Global": {
    "TotalOperations": 31968,
    "Latency": {
      "create": {
        "P50": 0.14125,
        "P95": 8.014375,
        "P99": 8.691958,
        "P999": 14.325407999999998,
        "Mean": 1.94783,
        "Min": 0.030209,
        "Max": 25.306417,
        "Count": 9601
      },
      "delete": {
        "P50": 0.079333,
        "P95": 3.559364,
        "P99": 4.034156,
        "P999": 4.997454,
        "Mean": 0.406628,
        "Min": 0.016292,
        "Max": 7.933958,
        "Count": 3204
      },
      "read": {
        "P50": 0.089333,
        "P95": 0.311349,
        "P99": 0.392177,
        "P999": 1.6162540000000003,
        "Mean": 0.124752,
        "Min": 0.015875,
        "Max": 20.918416,
        "Count": 12764
      },
      "update": {
        "P50": 7.698208,
        "P95": 8.396262,
        "P99": 10.120509,
        "P999": 17.168216,
        "Mean": 5.9916849999999995,
        "Min": 0.03025,
        "Max": 29.713458,
        "Count": 6399
      }
    },
    "TotalWALGrowth": 8317678,
    "TotalHealing": {
      "TotalHealings": 0,
      "TotalDocumentsHealed": 0,
      "HealingTimeSeconds": 0,
      "OverheadPercent": 0,
      "EventCount": 0,
      "InitialStats": null,
      "FinalStats": null
    },
    "PhaseStats": []
  }
}