{
  "TestConfig": {
    "Duration": 120000000000,
    "Workers": 10,
    "Operations": 0,
    "ReadPercent": 40,
    "WritePercent": 30,
    "UpdatePercent": 20,
    "DeletePercent": 10,
    "DocumentSize": 1024,
    "DocumentCount": 10000,
    "MetricsInterval": 1000000000,
    "SocketPath": "/tmp/docdb.sock",
    "DBName": "loadtest",
    "WALDir": "./docdb/data/wal",
    "OutputPath": "matrix_results/json/1db_1conn_1w.json",
    "OutputDir": "./matrix_results",
    "CSVOutput": true,
    "Seed": 1769699963179173000,
    "Databases": [
      {
        "Name": "db1",
        "Workers": 1,
        "DocumentSize": 1024,
        "DocumentCount": 10000,
        "CRUDPercent": null,
        "WALDir": "./docdb/data/wal"
      }
    ],
    "WorkloadProfile": null,
    "PerDatabaseCRUD": false,
    "ConnectionsPerDB": 1
  },
  "DurationSeconds": 120.000700625,
  "TotalOperations": 63628,
  "Databases": {
    "db1": {
      "Name": "db1",
      "Latency": {
        "create": {
          "P50": 0.140125,
          "P95": 8.018625,
          "P99": 10.312153,
          "P999": 14.004917,
          "Mean": 2.014759,
          "Min": 0.037584,
          "Max": 26.711167,
          "Count": 18949
        },
        "delete": {
          "P50": 0.07325,
          "P95": 3.632291,
          "P99": 4.091191,
          "P999": 7.69032,
          "Mean": 0.464935,
          "Min": 0.020334,
          "Max": 11.747542,
          "Count": 6421
        },
        "read": {
          "P50": 0.094167,
          "P95": 0.336645,
          "P99": 0.46259,
          "P999": 3.222594,
          "Mean": 0.137692,
          "Min": 0.02175,
          "Max": 26.757916,
          "Count": 25459
        },
        "update": {
          "P50": 7.61075,
          "P95": 8.503045,
          "P99": 11.846969,
          "P999": 14.588979,
          "Mean": 5.875959,
          "Min": 0.038,
          "Max": 26.53025,
          "Count": 12799
        }
      },
      "WALGrowth": {
        "InitialSizeBytes": 66083292,
        "FinalSizeBytes": 82608226,
        "MaxSizeBytes": 82608226,
        "GrowthRateBytesPerSec": 137702.2330245077,
        "SampleCount": 122,
        "DurationSeconds": 120.004836792
      },
      "Healing": {
        "TotalHealings": 0,
        "TotalDocumentsHealed": 0,
        "HealingTimeSeconds": 0,
        "OverheadPercent": 0,
        "EventCount": 0,
        "InitialStats": {
          "TotalScans": 0,
          "DocumentsHealed": 0,
          "DocumentsCorrupted": 0,
          "OnDemandHealings": 0,
          "BackgroundHealings": 0,
          "LastScanTime": "0001-01-01T00:00:00Z",
          "LastHealingTime": "0001-01-01T00:00:00Z"
        },
        "FinalStats": {
          "TotalScans": 0,
          "DocumentsHealed": 0,
          "DocumentsCorrupted": 0,
          "OnDemandHealings": 0,
          "BackgroundHealings": 0,
          "LastScanTime": "0001-01-01T00:00:00Z",
          "LastHealingTime": "0001-01-01T00:00:00Z"
        }
      },
      "OperationCounts": {
        "create": 18949,
        "delete": 6421,
        "read": 25459,
        "update": 12799
      },
      "TotalOperations": 63628
    }
  },
  "Global": {
    "TotalOperations": 63628,
    "Latency": {
      "create": {
        "P50": 0.140125,
        "P95": 8.018625,
        "P99": 10.312153,
        "P999": 14.004916999999999,
        "Mean": 2.014759,
        "Min": 0.037584,
        "Max": 26.711167,
        "Count": 18949
      },
      "delete": {
        "P50": 0.07325,
        "P95": 3.632291,
        "P99": 4.091191,
        "P999": 7.69032,
        "Mean": 0.464935,
        "Min": 0.020334,
        "Max": 11.747542,
        "Count": 6421
      },
      "read": {
        "P50": 0.094167,
        "P95": 0.336645,
        "P99": 0.46259000000000006,
        "P999": 3.222594,
        "Mean": 0.137692,
        "Min": 0.02175,
        "Max": 26.757916,
        "Count": 25459
      },
      "update": {
        "P50": 7.6107499999999995,
        "P95": 8.503045,
        "P99": 11.846968999999998,
        "P999": 14.588979,
        "Mean": 5.875958999999999,
        "Min": 0.038,
        "Max": 26.53025,
        "Count": 12799
      }
    },
    "TotalWALGrowth": 16524934,
    "TotalHealing": {
      "TotalHealings": 0,
      "TotalDocumentsHealed": 0,
      "HealingTimeSeconds": 0,
      "OverheadPercent": 0,
      "EventCount": 0,
      "InitialStats": null,
      "FinalStats": null
    },
    "PhaseStats": []
  }
}