{
  "TestConfig": {
    "Duration": 120000000000,
    "Workers": 10,
    "Operations": 0,
    "ReadPercent": 40,
    "WritePercent": 30,
    "UpdatePercent": 20,
    "DeletePercent": 10,
    "DocumentSize": 1024,
    "DocumentCount": 10000,
    "MetricsInterval": 1000000000,
    "SocketPath": "/tmp/docdb.sock",
    "DBName": "loadtest",
    "WALDir": "./docdb/data/wal",
    "OutputPath": "matrix_results/json/1db_1conn_2w.json",
    "OutputDir": "./matrix_results",
    "CSVOutput": true,
    "Seed": 1769763485642228000,
    "Databases": [
      {
        "Name": "db1",
        "Workers": 2,
        "DocumentSize": 1024,
        "DocumentCount": 10000,
        "CRUDPercent": null,
        "WALDir": "./docdb/data/wal"
      }
    ],
    "WorkloadProfile": null,
    "PerDatabaseCRUD": false,
    "ConnectionsPerDB": 1
  },
  "DurationSeconds": 120.0007705,
  "TotalOperations": 71725,
  "Databases": {
    "db1": {
      "Name": "db1",
      "Latency": {
        "create": {
          "P50": 5.910812,
          "P95": 16.161416,
          "P99": 22.903099,
          "P999": 31.944149,
          "Mean": 5.635569,
          "Min": 0.030166,
          "Max": 67.491875,
          "Count": 21500
        },
        "delete": {
          "P50": 0.0565,
          "P95": 7.048679,
          "P99": 13.038046,
          "P999": 16.253375,
          "Mean": 0.982551,
          "Min": 0.014792,
          "Max": 53.900167,
          "Count": 7087
        },
        "read": {
          "P50": 0.057833,
          "P95": 7.044375,
          "P99": 13.037071,
          "P999": 17.833481,
          "Mean": 0.984103,
          "Min": 0.016792,
          "Max": 87.739,
          "Count": 28771
        },
        "update": {
          "P50": 5.94225,
          "P95": 16.004817,
          "P99": 23.00228,
          "P999": 30.516005,
          "Mean": 5.809297,
          "Min": 0.031583,
          "Max": 74.870542,
          "Count": 14367
        }
      },
      "WALGrowth": {
        "InitialSizeBytes": 0,
        "FinalSizeBytes": 20959330,
        "MaxSizeBytes": 20959330,
        "GrowthRateBytesPerSec": 174659.5107922499,
        "SampleCount": 122,
        "DurationSeconds": 120.001080416
      },
      "Healing": {
        "TotalHealings": 0,
        "TotalDocumentsHealed": 0,
        "HealingTimeSeconds": 0,
        "OverheadPercent": 0,
        "EventCount": 0,
        "InitialStats": {
          "TotalScans": 0,
          "DocumentsHealed": 0,
          "DocumentsCorrupted": 0,
          "OnDemandHealings": 0,
          "BackgroundHealings": 0,
          "LastScanTime": "0001-01-01T00:00:00Z",
          "LastHealingTime": "0001-01-01T00:00:00Z"
        },
        "FinalStats": {
          "TotalScans": 0,
          "DocumentsHealed": 0,
          "DocumentsCorrupted": 0,
          "OnDemandHealings": 0,
          "BackgroundHealings": 0,
          "LastScanTime": "0001-01-01T00:00:00Z",
          "LastHealingTime": "0001-01-01T00:00:00Z"
        }
      },
      "OperationCounts": {
        "create": 21500,
        "delete": 7087,
        "read": 28771,
        "update": 14367
      },
      "TotalOperations": 71725
    }
  },
  "Global": {
    "TotalOperations": 71725,
    "Latency": {
      "create": {
        "P50": 5.910812,
        "P95": 16.161416,
        "P99": 22.903099,
        "P999": 31.944148999999996,
        "Mean": 5.635569,
        "Min": 0.030166,
        "Max": 67.491875,
        "Count": 21500
      },
      "delete": {
        "P50": 0.0565,
        "P95": 7.048679,
        "P99": 13.038046,
        "P999": 16.253375,
        "Mean": 0.982551,
        "Min": 0.014792,
        "Max": 53.900167,
        "Count": 7087
      },
      "read": {
        "P50": 0.057832999999999996,
        "P95": 7.044375,
        "P99": 13.037071,
        "P999": 17.833481,
        "Mean": 0.984103,
        "Min": 0.016792,
        "Max": 87.739,
        "Count": 28771
      },
      "update": {
        "P50": 5.94225,
        "P95": 16.004817,
        "P99": 23.00228,
        "P999": 30.516005,
        "Mean": 5.809297,
        "Min": 0.031583,
        "Max": 74.870542,
        "Count": 14367
      }
    },
    "TotalWALGrowth": 20959330,
    "TotalHealing": {
      "TotalHealings": 0,
      "TotalDocumentsHealed": 0,
      "HealingTimeSeconds": 0,
      "OverheadPercent": 0,
      "EventCount": 0,
      "InitialStats": null,
      "FinalStats": null
    },
    "PhaseStats": []
  }
}