{
  "TestConfig": {
    "Duration": 120000000000,
    "Workers": 10,
    "Operations": 0,
    "ReadPercent": 40,
    "WritePercent": 30,
    "UpdatePercent": 20,
    "DeletePercent": 10,
    "DocumentSize": 1024,
    "DocumentCount": 10000,
    "MetricsInterval": 1000000000,
    "SocketPath": "/tmp/docdb.sock",
    "DBName": "loadtest",
    "WALDir": "./docdb/data/wal",
    "OutputPath": "matrix_results/json/1db_10conn_1w.json",
    "OutputDir": "./matrix_results",
    "CSVOutput": true,
    "Seed": 1769700205139829000,
    "Databases": [
      {
        "Name": "db1",
        "Workers": 1,
        "DocumentSize": 1024,
        "DocumentCount": 10000,
        "CRUDPercent": null,
        "WALDir": "./docdb/data/wal"
      }
    ],
    "WorkloadProfile": null,
    "PerDatabaseCRUD": false,
    "ConnectionsPerDB": 10
  },
  "DurationSeconds": 120.000753334,
  "TotalOperations": 61896,
  "Databases": {
    "db1": {
      "Name": "db1",
      "Latency": {
        "create": {
          "P50": 0.10425,
          "P95": 8.070233,
          "P99": 11.506348,
          "P999": 16.961719,
          "Mean": 2.098643,
          "Min": 0.034334,
          "Max": 43.712708,
          "Count": 18653
        },
        "delete": {
          "P50": 0.057792,
          "P95": 3.398225,
          "P99": 4.118908,
          "P999": 7.627249,
          "Mean": 0.349858,
          "Min": 0.021875,
          "Max": 27.479542,
          "Count": 6182
        },
        "read": {
          "P50": 0.075917,
          "P95": 0.316458,
          "P99": 0.62993,
          "P999": 3.7047,
          "Mean": 0.131273,
          "Min": 0.021291,
          "Max": 53.031209,
          "Count": 24762
        },
        "update": {
          "P50": 7.748854,
          "P95": 9.523443,
          "P99": 12.553185,
          "P999": 25.924763,
          "Mean": 6.126291,
          "Min": 0.037042,
          "Max": 61.672333,
          "Count": 12300
        }
      },
      "WALGrowth": {
        "InitialSizeBytes": 99114054,
        "FinalSizeBytes": 115224390,
        "MaxSizeBytes": 115224390,
        "GrowthRateBytesPerSec": 134248.66444192338,
        "SampleCount": 122,
        "DurationSeconds": 120.003696625
      },
      "Healing": {
        "TotalHealings": 0,
        "TotalDocumentsHealed": 0,
        "HealingTimeSeconds": 0,
        "OverheadPercent": 0,
        "EventCount": 0,
        "InitialStats": {
          "TotalScans": 0,
          "DocumentsHealed": 0,
          "DocumentsCorrupted": 0,
          "OnDemandHealings": 0,
          "BackgroundHealings": 0,
          "LastScanTime": "0001-01-01T00:00:00Z",
          "LastHealingTime": "0001-01-01T00:00:00Z"
        },
        "FinalStats": {
          "TotalScans": 0,
          "DocumentsHealed": 0,
          "DocumentsCorrupted": 0,
          "OnDemandHealings": 0,
          "BackgroundHealings": 0,
          "LastScanTime": "0001-01-01T00:00:00Z",
          "LastHealingTime": "0001-01-01T00:00:00Z"
        }
      },
      "OperationCounts": {
        "create": 18653,
        "delete": 6182,
        "read": 24762,
        "update": 12300
      },
      "TotalOperations": 61897
    }
  },
  "Global": {
    "TotalOperations": 61897,
    "Latency": {
      "create": {
        "P50": 0.10425,
        "P95": 8.070233,
        "P99": 11.506348,
        "P999": 16.961719,
        "Mean": 2.098643,
        "Min": 0.034334,
        "Max": 43.712708,
        "Count": 18653
      },
      "delete": {
        "P50": 0.057792,
        "P95": 3.3982249999999996,
        "P99": 4.118908,
        "P999": 7.627249,
        "Mean": 0.349858,
        "Min": 0.021875,
        "Max": 27.479542,
        "Count": 6182
      },
      "read": {
        "P50": 0.075917,
        "P95": 0.316458,
        "P99": 0.62993,
        "P999": 3.7047,
        "Mean": 0.131273,
        "Min": 0.021291,
        "Max": 53.031209,
        "Count": 24762
      },
      "update": {
        "P50": 7.748853999999999,
        "P95": 9.523443,
        "P99": 12.553185,
        "P999": 25.924762999999995,
        "Mean": 6.126291,
        "Min": 0.037042,
        "Max": 61.672333,
        "Count": 12300
      }
    },
    "TotalWALGrowth": 16110336,
    "TotalHealing": {
      "TotalHealings": 0,
      "TotalDocumentsHealed": 0,
      "HealingTimeSeconds": 0,
      "OverheadPercent": 0,
      "EventCount": 0,
      "InitialStats": null,
      "FinalStats": null
    },
    "PhaseStats": []
  }
}