{
  "TestConfig": {
    "Duration": 120000000000,
    "Workers": 10,
    "Operations": 0,
    "ReadPercent": 40,
    "WritePercent": 30,
    "UpdatePercent": 20,
    "DeletePercent": 10,
    "DocumentSize": 1024,
    "DocumentCount": 10000,
    "MetricsInterval": 1000000000,
    "SocketPath": "/tmp/docdb.sock",
    "DBName": "loadtest",
    "WALDir": "./docdb/data/wal",
    "OutputPath": "./matrix_results/1db_1conn_5w.json",
    "CSVOutput": true,
    "Seed": 1769668229692439000,
    "Databases": [
      {
        "Name": "db1",
        "Workers": 5,
        "DocumentSize": 1024,
        "DocumentCount": 10000,
        "CRUDPercent": null,
        "WALDir": "./docdb/data/wal"
      }
    ],
    "WorkloadProfile": null,
    "PerDatabaseCRUD": false,
    "ConnectionsPerDB": 1
  },
  "DurationSeconds": 120.000237584,
  "TotalOperations": 73042,
  "Databases": {
    "db1": {
      "Name": "db1",
      "Latency": {
        "create": {
          "P50": 0.984833,
          "P95": 33.156682,
          "P99": 43.04132,
          "P999": 54.737325,
          "Mean": 9.095044,
          "Min": 0.038208,
          "Max": 124.82625,
          "Count": 21903
        },
        "delete": {
          "P50": 0.127833,
          "P95": 31.005937,
          "P99": 38.931788,
          "P999": 46.474753,
          "Mean": 6.357883,
          "Min": 0.014625,
          "Max": 65.836958,
          "Count": 7368
        },
        "read": {
          "P50": 0.123333,
          "P95": 30.304833,
          "P99": 39.004499,
          "P999": 49.035485,
          "Mean": 5.995828,
          "Min": 0.020917,
          "Max": 83.83375,
          "Count": 29025
        },
        "update": {
          "P50": 6.971417,
          "P95": 37.312217,
          "P99": 46.028109,
          "P999": 58.912034,
          "Mean": 12.19234,
          "Min": 0.037916,
          "Max": 71.782792,
          "Count": 14748
        }
      },
      "WALGrowth": {
        "InitialSizeBytes": 155448760,
        "FinalSizeBytes": 174629896,
        "MaxSizeBytes": 174629896,
        "GrowthRateBytesPerSec": 159833.2742698395,
        "SampleCount": 122,
        "DurationSeconds": 120.00715175
      },
      "Healing": {
        "TotalHealings": 0,
        "TotalDocumentsHealed": 0,
        "HealingTimeSeconds": 0,
        "OverheadPercent": 0,
        "EventCount": 0,
        "InitialStats": {
          "TotalScans": 0,
          "DocumentsHealed": 0,
          "DocumentsCorrupted": 0,
          "OnDemandHealings": 0,
          "BackgroundHealings": 0,
          "LastScanTime": "0001-01-01T00:00:00Z",
          "LastHealingTime": "0001-01-01T00:00:00Z"
        },
        "FinalStats": {
          "TotalScans": 0,
          "DocumentsHealed": 0,
          "DocumentsCorrupted": 0,
          "OnDemandHealings": 0,
          "BackgroundHealings": 0,
          "LastScanTime": "0001-01-01T00:00:00Z",
          "LastHealingTime": "0001-01-01T00:00:00Z"
        }
      },
      "OperationCounts": {
        "create": 21903,
        "delete": 7368,
        "read": 29025,
        "update": 14748
      },
      "TotalOperations": 73044
    }
  },
  "Global": {
    "TotalOperations": 73044,
    "Latency": {
      "create": {
        "P50": 0.9848330000000001,
        "P95": 33.156682,
        "P99": 43.04132,
        "P999": 54.737325000000006,
        "Mean": 9.095044,
        "Min": 0.038208,
        "Max": 124.82625,
        "Count": 21903
      },
      "delete": {
        "P50": 0.127833,
        "P95": 31.005937,
        "P99": 38.931788,
        "P999": 46.474753,
        "Mean": 6.357883,
        "Min": 0.014625,
        "Max": 65.836958,
        "Count": 7368
      },
      "read": {
        "P50": 0.123333,
        "P95": 30.304833,
        "P99": 39.004499,
        "P999": 49.035485,
        "Mean": 5.995828,
        "Min": 0.020917,
        "Max": 83.83375,
        "Count": 29025
      },
      "update": {
        "P50": 6.971417,
        "P95": 37.312217,
        "P99": 46.02810899999999,
        "P999": 58.912034,
        "Mean": 12.19234,
        "Min": 0.037916,
        "Max": 71.782792,
        "Count": 14748
      }
    },
    "TotalWALGrowth": 19181136,
    "TotalHealing": {
      "TotalHealings": 0,
      "TotalDocumentsHealed": 0,
      "HealingTimeSeconds": 0,
      "OverheadPercent": 0,
      "EventCount": 0,
      "InitialStats": null,
      "FinalStats": null
    },
    "PhaseStats": []
  }
}