{
  "TestConfig": {
    "Duration": 120000000000,
    "Workers": 10,
    "Operations": 0,
    "ReadPercent": 40,
    "WritePercent": 30,
    "UpdatePercent": 20,
    "DeletePercent": 10,
    "DocumentSize": 1024,
    "DocumentCount": 10000,
    "MetricsInterval": 1000000000,
    "SocketPath": "/tmp/docdb.sock",
    "DBName": "loadtest",
    "WALDir": "./docdb/data/wal",
    "OutputPath": "./matrix_results/1db_20conn_10w.json",
    "CSVOutput": true,
    "Seed": 1769669838845666000,
    "Databases": [
      {
        "Name": "db1",
        "Workers": 10,
        "DocumentSize": 1024,
        "DocumentCount": 10000,
        "CRUDPercent": null,
        "WALDir": "./docdb/data/wal"
      }
    ],
    "WorkloadProfile": null,
    "PerDatabaseCRUD": false,
    "ConnectionsPerDB": 20
  },
  "DurationSeconds": 120.000213541,
  "TotalOperations": 1174428,
  "Databases": {
    "db1": {
      "Name": "db1",
      "Latency": {
        "create": {
          "P50": 0.13175,
          "P95": 4.466125,
          "P99": 5.271043,
          "P999": 6.388154,
          "Mean": 1.091334,
          "Min": 0.033166,
          "Max": 30.997459,
          "Count": 352629
        },
        "delete": {
          "P50": 0.098292,
          "P95": 4.396566,
          "P99": 5.195376,
          "P999": 6.256808,
          "Mean": 0.945201,
          "Min": 0.013,
          "Max": 26.601208,
          "Count": 117533
        },
        "read": {
          "P50": 0.098209,
          "P95": 4.390583,
          "P99": 5.190939,
          "P999": 6.293651,
          "Mean": 0.951653,
          "Min": 0.01275,
          "Max": 30.9845,
          "Count": 469547
        },
        "update": {
          "P50": 0.131667,
          "P95": 4.473877,
          "P99": 5.28895,
          "P999": 6.426158,
          "Mean": 1.091759,
          "Min": 0.033625,
          "Max": 28.992834,
          "Count": 234720
        }
      },
      "WALGrowth": {
        "InitialSizeBytes": 233497786,
        "FinalSizeBytes": 233497786,
        "MaxSizeBytes": 233497786,
        "GrowthRateBytesPerSec": 0,
        "SampleCount": 122,
        "DurationSeconds": 120.000346916
      },
      "Healing": {
        "TotalHealings": 0,
        "TotalDocumentsHealed": 0,
        "HealingTimeSeconds": 0,
        "OverheadPercent": 0,
        "EventCount": 0,
        "InitialStats": {
          "TotalScans": 0,
          "DocumentsHealed": 0,
          "DocumentsCorrupted": 0,
          "OnDemandHealings": 0,
          "BackgroundHealings": 0,
          "LastScanTime": "0001-01-01T00:00:00Z",
          "LastHealingTime": "0001-01-01T00:00:00Z"
        },
        "FinalStats": {
          "TotalScans": 0,
          "DocumentsHealed": 0,
          "DocumentsCorrupted": 0,
          "OnDemandHealings": 0,
          "BackgroundHealings": 0,
          "LastScanTime": "0001-01-01T00:00:00Z",
          "LastHealingTime": "0001-01-01T00:00:00Z"
        }
      },
      "OperationCounts": {
        "create": 352629,
        "delete": 117533,
        "read": 469547,
        "update": 234720
      },
      "TotalOperations": 1174429
    }
  },
  "Global": {
    "TotalOperations": 1174429,
    "Latency": {
      "create": {
        "P50": 0.13175,
        "P95": 4.466125,
        "P99": 5.271043,
        "P999": 6.388154000000001,
        "Mean": 1.091334,
        "Min": 0.033166,
        "Max": 30.997459,
        "Count": 352629
      },
      "delete": {
        "P50": 0.098292,
        "P95": 4.396566,
        "P99": 5.195376,
        "P999": 6.256808,
        "Mean": 0.9452009999999998,
        "Min": 0.013,
        "Max": 26.601208,
        "Count": 117533
      },
      "read": {
        "P50": 0.098209,
        "P95": 4.390583,
        "P99": 5.190939,
        "P999": 6.293651,
        "Mean": 0.951653,
        "Min": 0.01275,
        "Max": 30.9845,
        "Count": 469547
      },
      "update": {
        "P50": 0.131667,
        "P95": 4.473877,
        "P99": 5.28895,
        "P999": 6.426157999999999,
        "Mean": 1.091759,
        "Min": 0.033625,
        "Max": 28.992834,
        "Count": 234720
      }
    },
    "TotalWALGrowth": 0,
    "TotalHealing": {
      "TotalHealings": 0,
      "TotalDocumentsHealed": 0,
      "HealingTimeSeconds": 0,
      "OverheadPercent": 0,
      "EventCount": 0,
      "InitialStats": null,
      "FinalStats": null
    },
    "PhaseStats": []
  }
}