{
  "TestConfig": {
    "Duration": 120000000000,
    "Workers": 10,
    "Operations": 0,
    "ReadPercent": 40,
    "WritePercent": 30,
    "UpdatePercent": 20,
    "DeletePercent": 10,
    "DocumentSize": 1024,
    "DocumentCount": 10000,
    "MetricsInterval": 1000000000,
    "SocketPath": "/tmp/docdb.sock",
    "DBName": "loadtest",
    "WALDir": "./docdb/data/wal",
    "OutputPath": "matrix_results/json/1db_10conn_1w.json",
    "OutputDir": "./matrix_results",
    "CSVOutput": true,
    "Seed": 1769756249873172000,
    "Databases": [
      {
        "Name": "db1",
        "Workers": 1,
        "DocumentSize": 1024,
        "DocumentCount": 10000,
        "CRUDPercent": null,
        "WALDir": "./docdb/data/wal"
      }
    ],
    "WorkloadProfile": null,
    "PerDatabaseCRUD": false,
    "ConnectionsPerDB": 10
  },
  "DurationSeconds": 120.000351708,
  "TotalOperations": 70847,
  "Databases": {
    "db1": {
      "Name": "db1",
      "Latency": {
        "create": {
          "P50": 0.182229,
          "P95": 7.572983,
          "P99": 9.673623,
          "P999": 13.997109,
          "Mean": 1.979579,
          "Min": 0.038459,
          "Max": 29.103708,
          "Count": 21288
        },
        "delete": {
          "P50": 0.092417,
          "P95": 3.097116,
          "P99": 3.960687,
          "P999": 6.920012,
          "Mean": 0.470831,
          "Min": 0.022875,
          "Max": 22.198875,
          "Count": 7067
        },
        "read": {
          "P50": 0.097166,
          "P95": 0.167291,
          "P99": 0.248511,
          "P999": 1.467737,
          "Mean": 0.109326,
          "Min": 0.021417,
          "Max": 17.067916,
          "Count": 28294
        },
        "update": {
          "P50": 6.120854,
          "P95": 8.15291,
          "P99": 11.038372,
          "P999": 16.483804,
          "Mean": 5.020964,
          "Min": 0.035083,
          "Max": 38.65575,
          "Count": 14198
        }
      },
      "WALGrowth": {
        "InitialSizeBytes": 18495130,
        "FinalSizeBytes": 37665190,
        "MaxSizeBytes": 37665190,
        "GrowthRateBytesPerSec": 159749.61860411055,
        "SampleCount": 122,
        "DurationSeconds": 120.000662083
      },
      "Healing": {
        "TotalHealings": 0,
        "TotalDocumentsHealed": 0,
        "HealingTimeSeconds": 0,
        "OverheadPercent": 0,
        "EventCount": 0,
        "InitialStats": {
          "TotalScans": 0,
          "DocumentsHealed": 0,
          "DocumentsCorrupted": 0,
          "OnDemandHealings": 0,
          "BackgroundHealings": 0,
          "LastScanTime": "0001-01-01T00:00:00Z",
          "LastHealingTime": "0001-01-01T00:00:00Z"
        },
        "FinalStats": {
          "TotalScans": 0,
          "DocumentsHealed": 0,
          "DocumentsCorrupted": 0,
          "OnDemandHealings": 0,
          "BackgroundHealings": 0,
          "LastScanTime": "0001-01-01T00:00:00Z",
          "LastHealingTime": "0001-01-01T00:00:00Z"
        }
      },
      "OperationCounts": {
        "create": 21288,
        "delete": 7067,
        "read": 28294,
        "update": 14198
      },
      "TotalOperations": 70847
    }
  },
  "Global": {
    "TotalOperations": 70847,
    "Latency": {
      "create": {
        "P50": 0.182229,
        "P95": 7.572983,
        "P99": 9.673623,
        "P999": 13.997109000000002,
        "Mean": 1.979579,
        "Min": 0.038459,
        "Max": 29.103708,
        "Count": 21288
      },
      "delete": {
        "P50": 0.092417,
        "P95": 3.097116,
        "P99": 3.960687,
        "P999": 6.920012,
        "Mean": 0.470831,
        "Min": 0.022875,
        "Max": 22.198875,
        "Count": 7067
      },
      "read": {
        "P50": 0.097166,
        "P95": 0.16729099999999997,
        "P99": 0.248511,
        "P999": 1.4677370000000003,
        "Mean": 0.109326,
        "Min": 0.021417,
        "Max": 17.067916,
        "Count": 28294
      },
      "update": {
        "P50": 6.120854,
        "P95": 8.15291,
        "P99": 11.038372,
        "P999": 16.483804,
        "Mean": 5.020964,
        "Min": 0.035083,
        "Max": 38.65575,
        "Count": 14198
      }
    },
    "TotalWALGrowth": 19170060,
    "TotalHealing": {
      "TotalHealings": 0,
      "TotalDocumentsHealed": 0,
      "HealingTimeSeconds": 0,
      "OverheadPercent": 0,
      "EventCount": 0,
      "InitialStats": null,
      "FinalStats": null
    },
    "PhaseStats": []
  }
}