{
  "TestConfig": {
    "Duration": 120000000000,
    "Workers": 10,
    "Operations": 0,
    "ReadPercent": 40,
    "WritePercent": 30,
    "UpdatePercent": 20,
    "DeletePercent": 10,
    "DocumentSize": 1024,
    "DocumentCount": 10000,
    "MetricsInterval": 1000000000,
    "SocketPath": "/tmp/docdb.sock",
    "DBName": "loadtest",
    "WALDir": "./docdb/data/wal",
    "OutputPath": "./matrix_results/1db_5conn_5w.json",
    "CSVOutput": true,
    "Seed": 1769668722176670000,
    "Databases": [
      {
        "Name": "db1",
        "Workers": 5,
        "DocumentSize": 1024,
        "DocumentCount": 10000,
        "CRUDPercent": null,
        "WALDir": "./docdb/data/wal"
      }
    ],
    "WorkloadProfile": null,
    "PerDatabaseCRUD": false,
    "ConnectionsPerDB": 5
  },
  "DurationSeconds": 120.000217209,
  "TotalOperations": 439168,
  "Databases": {
    "db1": {
      "Name": "db1",
      "Latency": {
        "create": {
          "P50": 0.118958,
          "P95": 10.255145,
          "P99": 19.197023,
          "P999": 29.414011,
          "Mean": 1.775343,
          "Min": 0.031125,
          "Max": 68.653875,
          "Count": 131760
        },
        "delete": {
          "P50": 0.089125,
          "P95": 9.35419,
          "P99": 17.631389,
          "P999": 27.000464,
          "Mean": 1.248353,
          "Min": 0.014917,
          "Max": 55.830583,
          "Count": 43973
        },
        "read": {
          "P50": 0.0835,
          "P95": 8.869107,
          "P99": 17.03531,
          "P999": 26.158637,
          "Mean": 1.05258,
          "Min": 0.011875,
          "Max": 78.475708,
          "Count": 175533
        },
        "update": {
          "P50": 0.114583,
          "P95": 9.869698,
          "P99": 18.097206,
          "P999": 27.888157,
          "Mean": 1.434127,
          "Min": 0.032834,
          "Max": 67.470125,
          "Count": 87904
        }
      },
      "WALGrowth": {
        "InitialSizeBytes": 220907842,
        "FinalSizeBytes": 233496660,
        "MaxSizeBytes": 233496660,
        "GrowthRateBytesPerSec": 104901.6768123206,
        "SampleCount": 122,
        "DurationSeconds": 120.005879625
      },
      "Healing": {
        "TotalHealings": 0,
        "TotalDocumentsHealed": 0,
        "HealingTimeSeconds": 0,
        "OverheadPercent": 0,
        "EventCount": 0,
        "InitialStats": {
          "TotalScans": 0,
          "DocumentsHealed": 0,
          "DocumentsCorrupted": 0,
          "OnDemandHealings": 0,
          "BackgroundHealings": 0,
          "LastScanTime": "0001-01-01T00:00:00Z",
          "LastHealingTime": "0001-01-01T00:00:00Z"
        },
        "FinalStats": {
          "TotalScans": 0,
          "DocumentsHealed": 0,
          "DocumentsCorrupted": 0,
          "OnDemandHealings": 0,
          "BackgroundHealings": 0,
          "LastScanTime": "0001-01-01T00:00:00Z",
          "LastHealingTime": "0001-01-01T00:00:00Z"
        }
      },
      "OperationCounts": {
        "create": 131760,
        "delete": 43973,
        "read": 175533,
        "update": 87904
      },
      "TotalOperations": 439170
    }
  },
  "Global": {
    "TotalOperations": 439170,
    "Latency": {
      "create": {
        "P50": 0.118958,
        "P95": 10.255145,
        "P99": 19.197023,
        "P999": 29.414011,
        "Mean": 1.775343,
        "Min": 0.031125,
        "Max": 68.653875,
        "Count": 131760
      },
      "delete": {
        "P50": 0.089125,
        "P95": 9.35419,
        "P99": 17.631389,
        "P999": 27.000464,
        "Mean": 1.248353,
        "Min": 0.014917,
        "Max": 55.830583,
        "Count": 43973
      },
      "read": {
        "P50": 0.0835,
        "P95": 8.869107,
        "P99": 17.03531,
        "P999": 26.158636999999995,
        "Mean": 1.05258,
        "Min": 0.011875,
        "Max": 78.475708,
        "Count": 175533
      },
      "update": {
        "P50": 0.114583,
        "P95": 9.869698,
        "P99": 18.097206,
        "P999": 27.888156999999996,
        "Mean": 1.434127,
        "Min": 0.032834,
        "Max": 67.470125,
        "Count": 87904
      }
    },
    "TotalWALGrowth": 12588818,
    "TotalHealing": {
      "TotalHealings": 0,
      "TotalDocumentsHealed": 0,
      "HealingTimeSeconds": 0,
      "OverheadPercent": 0,
      "EventCount": 0,
      "InitialStats": null,
      "FinalStats": null
    },
    "PhaseStats": []
  }
}