{
  "TestConfig": {
    "Duration": 120000000000,
    "Workers": 10,
    "Operations": 0,
    "ReadPercent": 40,
    "WritePercent": 30,
    "UpdatePercent": 20,
    "DeletePercent": 10,
    "DocumentSize": 1024,
    "DocumentCount": 10000,
    "MetricsInterval": 1000000000,
    "SocketPath": "/tmp/docdb.sock",
    "DBName": "loadtest",
    "WALDir": "./docdb/data/wal",
    "OutputPath": "./matrix_results/1db_10conn_10w.json",
    "CSVOutput": true,
    "Seed": 1769669342223524000,
    "Databases": [
      {
        "Name": "db1",
        "Workers": 10,
        "DocumentSize": 1024,
        "DocumentCount": 10000,
        "CRUDPercent": null,
        "WALDir": "./docdb/data/wal"
      }
    ],
    "WorkloadProfile": null,
    "PerDatabaseCRUD": false,
    "ConnectionsPerDB": 10
  },
  "DurationSeconds": 120.000236375,
  "TotalOperations": 1185284,
  "Databases": {
    "db1": {
      "Name": "db1",
      "Latency": {
        "create": {
          "P50": 0.130625,
          "P95": 4.455083,
          "P99": 5.26232,
          "P999": 6.341861,
          "Mean": 1.076956,
          "Min": 0.031875,
          "Max": 43.130708,
          "Count": 355316
        },
        "delete": {
          "P50": 0.09675,
          "P95": 4.379567,
          "P99": 5.19181,
          "P999": 6.20195,
          "Mean": 0.94232,
          "Min": 0.014125,
          "Max": 25.791083,
          "Count": 119365
        },
        "read": {
          "P50": 0.096917,
          "P95": 4.39447,
          "P99": 5.209492,
          "P999": 6.28473,
          "Mean": 0.944133,
          "Min": 0.012292,
          "Max": 41.496666,
          "Count": 474618
        },
        "update": {
          "P50": 0.1305,
          "P95": 4.461875,
          "P99": 5.270943,
          "P999": 6.340143,
          "Mean": 1.083858,
          "Min": 0.0305,
          "Max": 42.5645,
          "Count": 235987
        }
      },
      "WALGrowth": {
        "InitialSizeBytes": 233497786,
        "FinalSizeBytes": 233497786,
        "MaxSizeBytes": 233497786,
        "GrowthRateBytesPerSec": 0,
        "SampleCount": 122,
        "DurationSeconds": 120.000419792
      },
      "Healing": {
        "TotalHealings": 0,
        "TotalDocumentsHealed": 0,
        "HealingTimeSeconds": 0,
        "OverheadPercent": 0,
        "EventCount": 0,
        "InitialStats": {
          "TotalScans": 0,
          "DocumentsHealed": 0,
          "DocumentsCorrupted": 0,
          "OnDemandHealings": 0,
          "BackgroundHealings": 0,
          "LastScanTime": "0001-01-01T00:00:00Z",
          "LastHealingTime": "0001-01-01T00:00:00Z"
        },
        "FinalStats": {
          "TotalScans": 0,
          "DocumentsHealed": 0,
          "DocumentsCorrupted": 0,
          "OnDemandHealings": 0,
          "BackgroundHealings": 0,
          "LastScanTime": "0001-01-01T00:00:00Z",
          "LastHealingTime": "0001-01-01T00:00:00Z"
        }
      },
      "OperationCounts": {
        "create": 355316,
        "delete": 119365,
        "read": 474618,
        "update": 235987
      },
      "TotalOperations": 1185286
    }
  },
  "Global": {
    "TotalOperations": 1185286,
    "Latency": {
      "create": {
        "P50": 0.130625,
        "P95": 4.455083,
        "P99": 5.26232,
        "P999": 6.341861,
        "Mean": 1.076956,
        "Min": 0.031875,
        "Max": 43.130708,
        "Count": 355316
      },
      "delete": {
        "P50": 0.09675000000000002,
        "P95": 4.379567,
        "P99": 5.19181,
        "P999": 6.201950000000001,
        "Mean": 0.94232,
        "Min": 0.014125,
        "Max": 25.791083,
        "Count": 119365
      },
      "read": {
        "P50": 0.096917,
        "P95": 4.39447,
        "P99": 5.209492,
        "P999": 6.28473,
        "Mean": 0.944133,
        "Min": 0.012292,
        "Max": 41.496666,
        "Count": 474618
      },
      "update": {
        "P50": 0.1305,
        "P95": 4.461875,
        "P99": 5.270943,
        "P999": 6.340143,
        "Mean": 1.083858,
        "Min": 0.0305,
        "Max": 42.5645,
        "Count": 235987
      }
    },
    "TotalWALGrowth": 0,
    "TotalHealing": {
      "TotalHealings": 0,
      "TotalDocumentsHealed": 0,
      "HealingTimeSeconds": 0,
      "OverheadPercent": 0,
      "EventCount": 0,
      "InitialStats": null,
      "FinalStats": null
    },
    "PhaseStats": []
  }
}