{
  "TestConfig": {
    "Duration": 120000000000,
    "Workers": 10,
    "Operations": 0,
    "ReadPercent": 40,
    "WritePercent": 30,
    "UpdatePercent": 20,
    "DeletePercent": 10,
    "DocumentSize": 1024,
    "DocumentCount": 10000,
    "MetricsInterval": 1000000000,
    "SocketPath": "/tmp/docdb.sock",
    "DBName": "loadtest",
    "WALDir": "./docdb/data/wal",
    "OutputPath": "./matrix_results/1db_5conn_2w.json",
    "CSVOutput": true,
    "Seed": 1769668598237417000,
    "Databases": [
      {
        "Name": "db1",
        "Workers": 2,
        "DocumentSize": 1024,
        "DocumentCount": 10000,
        "CRUDPercent": null,
        "WALDir": "./docdb/data/wal"
      }
    ],
    "WorkloadProfile": null,
    "PerDatabaseCRUD": false,
    "ConnectionsPerDB": 5
  },
  "DurationSeconds": 120.00026725,
  "TotalOperations": 54111,
  "Databases": {
    "db1": {
      "Name": "db1",
      "Latency": {
        "create": {
          "P50": 0.539875,
          "P95": 16.904479,
          "P99": 34.930929,
          "P999": 91.812143,
          "Mean": 4.980555,
          "Min": 0.040334,
          "Max": 140.794625,
          "Count": 16091
        },
        "delete": {
          "P50": 0.151083,
          "P95": 12.977459,
          "P99": 29.191008,
          "P999": 92.151828,
          "Mean": 3.000089,
          "Min": 0.020833,
          "Max": 140.311542,
          "Count": 5461
        },
        "read": {
          "P50": 0.138542,
          "P95": 11.916599,
          "P99": 30.247507,
          "P999": 82.855782,
          "Mean": 2.331052,
          "Min": 0.021459,
          "Max": 181.975458,
          "Count": 21685
        },
        "update": {
          "P50": 6.836208,
          "P95": 21.754146,
          "P99": 43.984166,
          "P999": 115.827302,
          "Mean": 8.536134,
          "Min": 0.046167,
          "Max": 162.110041,
          "Count": 10876
        }
      },
      "WALGrowth": {
        "InitialSizeBytes": 206709368,
        "FinalSizeBytes": 220906716,
        "MaxSizeBytes": 220906716,
        "GrowthRateBytesPerSec": 118309.91191908203,
        "SampleCount": 122,
        "DurationSeconds": 120.001340291
      },
      "Healing": {
        "TotalHealings": 0,
        "TotalDocumentsHealed": 0,
        "HealingTimeSeconds": 0,
        "OverheadPercent": 0,
        "EventCount": 0,
        "InitialStats": {
          "TotalScans": 0,
          "DocumentsHealed": 0,
          "DocumentsCorrupted": 0,
          "OnDemandHealings": 0,
          "BackgroundHealings": 0,
          "LastScanTime": "0001-01-01T00:00:00Z",
          "LastHealingTime": "0001-01-01T00:00:00Z"
        },
        "FinalStats": {
          "TotalScans": 0,
          "DocumentsHealed": 0,
          "DocumentsCorrupted": 0,
          "OnDemandHealings": 0,
          "BackgroundHealings": 0,
          "LastScanTime": "0001-01-01T00:00:00Z",
          "LastHealingTime": "0001-01-01T00:00:00Z"
        }
      },
      "OperationCounts": {
        "create": 16091,
        "delete": 5461,
        "read": 21685,
        "update": 10876
      },
      "TotalOperations": 54113
    }
  },
  "Global": {
    "TotalOperations": 54113,
    "Latency": {
      "create": {
        "P50": 0.539875,
        "P95": 16.904479,
        "P99": 34.930929,
        "P999": 91.812143,
        "Mean": 4.980555,
        "Min": 0.040334,
        "Max": 140.794625,
        "Count": 16091
      },
      "delete": {
        "P50": 0.151083,
        "P95": 12.977459,
        "P99": 29.191008000000004,
        "P999": 92.151828,
        "Mean": 3.000089,
        "Min": 0.020833,
        "Max": 140.311542,
        "Count": 5461
      },
      "read": {
        "P50": 0.138542,
        "P95": 11.916599,
        "P99": 30.247506999999995,
        "P999": 82.855782,
        "Mean": 2.331052,
        "Min": 0.021459,
        "Max": 181.975458,
        "Count": 21685
      },
      "update": {
        "P50": 6.836207999999999,
        "P95": 21.754146,
        "P99": 43.984166,
        "P999": 115.827302,
        "Mean": 8.536134,
        "Min": 0.046167,
        "Max": 162.110041,
        "Count": 10876
      }
    },
    "TotalWALGrowth": 14197348,
    "TotalHealing": {
      "TotalHealings": 0,
      "TotalDocumentsHealed": 0,
      "HealingTimeSeconds": 0,
      "OverheadPercent": 0,
      "EventCount": 0,
      "InitialStats": null,
      "FinalStats": null
    },
    "PhaseStats": []
  }
}