{
  "TestConfig": {
    "Duration": 120000000000,
    "Workers": 10,
    "Operations": 0,
    "ReadPercent": 40,
    "WritePercent": 30,
    "UpdatePercent": 20,
    "DeletePercent": 10,
    "DocumentSize": 1024,
    "DocumentCount": 10000,
    "MetricsInterval": 1000000000,
    "SocketPath": "/tmp/docdb.sock",
    "DBName": "loadtest",
    "WALDir": "./docdb/data/wal",
    "OutputPath": "matrix_results/json/1db_50conn_2w.json",
    "OutputDir": "./matrix_results",
    "CSVOutput": true,
    "Seed": 1769763726136746000,
    "Databases": [
      {
        "Name": "db1",
        "Workers": 2,
        "DocumentSize": 1024,
        "DocumentCount": 10000,
        "CRUDPercent": null,
        "WALDir": "./docdb/data/wal"
      }
    ],
    "WorkloadProfile": null,
    "PerDatabaseCRUD": false,
    "ConnectionsPerDB": 50
  },
  "DurationSeconds": 120.000401666,
  "TotalOperations": 81093,
  "Databases": {
    "db1": {
      "Name": "db1",
      "Latency": {
        "create": {
          "P50": 0.12725,
          "P95": 13.11202,
          "P99": 20.001654,
          "P999": 30.147322,
          "Mean": 3.867024,
          "Min": 0.032416,
          "Max": 68.8215,
          "Count": 24391
        },
        "delete": {
          "P50": 0.056875,
          "P95": 6.950909,
          "P99": 12.952908,
          "P999": 17.919549,
          "Mean": 0.924402,
          "Min": 0.016958,
          "Max": 22.172583,
          "Count": 8192
        },
        "read": {
          "P50": 0.05925,
          "P95": 6.944166,
          "P99": 12.946139,
          "P999": 16.18551,
          "Mean": 0.863127,
          "Min": 0.015208,
          "Max": 42.558333,
          "Count": 32512
        },
        "update": {
          "P50": 6.053271,
          "P95": 17.824618,
          "P99": 21.937423,
          "P999": 32.401524,
          "Mean": 6.872844,
          "Min": 0.036791,
          "Max": 56.40625,
          "Count": 15998
        }
      },
      "WALGrowth": {
        "InitialSizeBytes": 38821060,
        "FinalSizeBytes": 60451006,
        "MaxSizeBytes": 60451006,
        "GrowthRateBytesPerSec": 180248.63498733143,
        "SampleCount": 121,
        "DurationSeconds": 120.000609167
      },
      "Healing": {
        "TotalHealings": 0,
        "TotalDocumentsHealed": 0,
        "HealingTimeSeconds": 0,
        "OverheadPercent": 0,
        "EventCount": 0,
        "InitialStats": {
          "TotalScans": 0,
          "DocumentsHealed": 0,
          "DocumentsCorrupted": 0,
          "OnDemandHealings": 0,
          "BackgroundHealings": 0,
          "LastScanTime": "0001-01-01T00:00:00Z",
          "LastHealingTime": "0001-01-01T00:00:00Z"
        },
        "FinalStats": {
          "TotalScans": 0,
          "DocumentsHealed": 0,
          "DocumentsCorrupted": 0,
          "OnDemandHealings": 0,
          "BackgroundHealings": 0,
          "LastScanTime": "0001-01-01T00:00:00Z",
          "LastHealingTime": "0001-01-01T00:00:00Z"
        }
      },
      "OperationCounts": {
        "create": 24391,
        "delete": 8192,
        "read": 32512,
        "update": 15998
      },
      "TotalOperations": 81093
    }
  },
  "Global": {
    "TotalOperations": 81093,
    "Latency": {
      "create": {
        "P50": 0.12725,
        "P95": 13.11202,
        "P99": 20.001654,
        "P999": 30.147322,
        "Mean": 3.867024,
        "Min": 0.032416,
        "Max": 68.8215,
        "Count": 24391
      },
      "delete": {
        "P50": 0.056875,
        "P95": 6.950909,
        "P99": 12.952908,
        "P999": 17.919549,
        "Mean": 0.924402,
        "Min": 0.016958,
        "Max": 22.172583,
        "Count": 8192
      },
      "read": {
        "P50": 0.05925,
        "P95": 6.944166,
        "P99": 12.946139,
        "P999": 16.18551,
        "Mean": 0.863127,
        "Min": 0.015208,
        "Max": 42.558333,
        "Count": 32512
      },
      "update": {
        "P50": 6.053271,
        "P95": 17.824618,
        "P99": 21.937423,
        "P999": 32.401524,
        "Mean": 6.872844,
        "Min": 0.036791,
        "Max": 56.40625,
        "Count": 15998
      }
    },
    "TotalWALGrowth": 21629946,
    "TotalHealing": {
      "TotalHealings": 0,
      "TotalDocumentsHealed": 0,
      "HealingTimeSeconds": 0,
      "OverheadPercent": 0,
      "EventCount": 0,
      "InitialStats": null,
      "FinalStats": null
    },
    "PhaseStats": []
  }
}