{
  "TestConfig": {
    "Duration": 120000000000,
    "Workers": 10,
    "Operations": 0,
    "ReadPercent": 40,
    "WritePercent": 30,
    "UpdatePercent": 20,
    "DeletePercent": 10,
    "DocumentSize": 1024,
    "DocumentCount": 10000,
    "MetricsInterval": 1000000000,
    "SocketPath": "/tmp/docdb.sock",
    "DBName": "loadtest",
    "WALDir": "./docdb/data/wal",
    "OutputPath": "matrix_results/json/3db_10conn_1w.json",
    "OutputDir": "./matrix_results",
    "CSVOutput": true,
    "Seed": 1769700691035544000,
    "Databases": [
      {
        "Name": "db1",
        "Workers": 1,
        "DocumentSize": 1024,
        "DocumentCount": 10000,
        "CRUDPercent": null,
        "WALDir": "./docdb/data/wal"
      },
      {
        "Name": "db2",
        "Workers": 1,
        "DocumentSize": 1024,
        "DocumentCount": 10000,
        "CRUDPercent": null,
        "WALDir": "./docdb/data/wal"
      },
      {
        "Name": "db3",
        "Workers": 1,
        "DocumentSize": 1024,
        "DocumentCount": 10000,
        "CRUDPercent": null,
        "WALDir": "./docdb/data/wal"
      }
    ],
    "WorkloadProfile": null,
    "PerDatabaseCRUD": false,
    "ConnectionsPerDB": 10
  },
  "DurationSeconds": 120.000265167,
  "TotalOperations": 55516,
  "Databases": {
    "db1": {
      "Name": "db1",
      "Latency": {
        "create": {
          "P50": 3.977458,
          "P95": 16.825624,
          "P99": 23.881025,
          "P999": 44.37501,
          "Mean": 5.954531,
          "Min": 0.035958,
          "Max": 388.492209,
          "Count": 6191
        },
        "delete": {
          "P50": 3.608,
          "P95": 13.366283,
          "P99": 19.081233,
          "P999": 28.751335,
          "Mean": 4.650155,
          "Min": 0.019375,
          "Max": 29.854917,
          "Count": 2080
        },
        "read": {
          "P50": 0.319,
          "P95": 13.034658,
          "P99": 18.527756,
          "P999": 32.891418,
          "Mean": 3.678947,
          "Min": 0.0225,
          "Max": 393.665083,
          "Count": 8188
        },
        "update": {
          "P50": 11.634708,
          "P95": 20.595079,
          "P99": 30.807092,
          "P999": 50.59035,
          "Mean": 10.678232,
          "Min": 0.035209,
          "Max": 181.729041,
          "Count": 4055
        }
      },
      "WALGrowth": {
        "InitialSizeBytes": 142433544,
        "FinalSizeBytes": 147747178,
        "MaxSizeBytes": 147747178,
        "GrowthRateBytesPerSec": 44277.614269520665,
        "SampleCount": 121,
        "DurationSeconds": 120.007233625
      },
      "Healing": {
        "TotalHealings": 0,
        "TotalDocumentsHealed": 0,
        "HealingTimeSeconds": 0,
        "OverheadPercent": 0,
        "EventCount": 0,
        "InitialStats": {
          "TotalScans": 0,
          "DocumentsHealed": 0,
          "DocumentsCorrupted": 0,
          "OnDemandHealings": 0,
          "BackgroundHealings": 0,
          "LastScanTime": "0001-01-01T00:00:00Z",
          "LastHealingTime": "0001-01-01T00:00:00Z"
        },
        "FinalStats": {
          "TotalScans": 0,
          "DocumentsHealed": 0,
          "DocumentsCorrupted": 0,
          "OnDemandHealings": 0,
          "BackgroundHealings": 0,
          "LastScanTime": "0001-01-01T00:00:00Z",
          "LastHealingTime": "0001-01-01T00:00:00Z"
        }
      },
      "OperationCounts": {
        "create": 6191,
        "delete": 2080,
        "read": 8188,
        "update": 4055
      },
      "TotalOperations": 20514
    },
    "db2": {
      "Name": "db2",
      "Latency": {
        "create": {
          "P50": 5.975625,
          "P95": 22.841149,
          "P99": 35.171863,
          "P999": 69.027933,
          "Mean": 7.69622,
          "Min": 0.038708,
          "Max": 412.151167,
          "Count": 4833
        },
        "delete": {
          "P50": 3.883729,
          "P95": 19.66337,
          "P99": 31.812863,
          "P999": 48.107684,
          "Mean": 6.187686,
          "Min": 0.024167,
          "Max": 69.255167,
          "Count": 1600
        },
        "read": {
          "P50": 0.428375,
          "P95": 18.264954,
          "P99": 28.56407,
          "P999": 52.063919,
          "Mean": 5.047313,
          "Min": 0.021208,
          "Max": 174.526542,
          "Count": 6523
        },
        "update": {
          "P50": 11.806021,
          "P95": 26.028952,
          "P99": 37.353165,
          "P999": 59.085632,
          "Mean": 12.164481,
          "Min": 0.033334,
          "Max": 179.265625,
          "Count": 3284
        }
      },
      "WALGrowth": {
        "InitialSizeBytes": 25156754,
        "FinalSizeBytes": 29391600,
        "MaxSizeBytes": 29391600,
        "GrowthRateBytesPerSec": 35288.25224166848,
        "SampleCount": 121,
        "DurationSeconds": 120.007246916
      },
      "Healing": {
        "TotalHealings": 0,
        "TotalDocumentsHealed": 0,
        "HealingTimeSeconds": 0,
        "OverheadPercent": 0,
        "EventCount": 0,
        "InitialStats": {
          "TotalScans": 0,
          "DocumentsHealed": 0,
          "DocumentsCorrupted": 0,
          "OnDemandHealings": 0,
          "BackgroundHealings": 0,
          "LastScanTime": "0001-01-01T00:00:00Z",
          "LastHealingTime": "0001-01-01T00:00:00Z"
        },
        "FinalStats": {
          "TotalScans": 0,
          "DocumentsHealed": 0,
          "DocumentsCorrupted": 0,
          "OnDemandHealings": 0,
          "BackgroundHealings": 0,
          "LastScanTime": "0001-01-01T00:00:00Z",
          "LastHealingTime": "0001-01-01T00:00:00Z"
        }
      },
      "OperationCounts": {
        "create": 4833,
        "delete": 1600,
        "read": 6523,
        "update": 3284
      },
      "TotalOperations": 16240
    },
    "db3": {
      "Name": "db3",
      "Latency": {
        "create": {
          "P50": 4.079458,
          "P95": 18.830685,
          "P99": 24.986323,
          "P999": 38.469004,
          "Mean": 6.427555,
          "Min": 0.034709,
          "Max": 396.807584,
          "Count": 5532
        },
        "delete": {
          "P50": 3.692208,
          "P95": 15.876232,
          "P99": 23.461256,
          "P999": 39.942218,
          "Mean": 5.288459,
          "Min": 0.027208,
          "Max": 181.195375,
          "Count": 1905
        },
        "read": {
          "P50": 0.369208,
          "P95": 15.458586,
          "P99": 21.188887,
          "P999": 39.960532,
          "Mean": 4.171478,
          "Min": 0.023875,
          "Max": 173.550166,
          "Count": 7520
        },
        "update": {
          "P50": 11.716583,
          "P95": 23.176341,
          "P99": 32.25085,
          "P999": 53.29625,
          "Mean": 11.290865,
          "Min": 0.046834,
          "Max": 398.742083,
          "Count": 3805
        }
      },
      "WALGrowth": {
        "InitialSizeBytes": 26084356,
        "FinalSizeBytes": 30955720,
        "MaxSizeBytes": 30955720,
        "GrowthRateBytesPerSec": 40592.24146324205,
        "SampleCount": 121,
        "DurationSeconds": 120.007268
      },
      "Healing": {
        "TotalHealings": 0,
        "TotalDocumentsHealed": 0,
        "HealingTimeSeconds": 0,
        "OverheadPercent": 0,
        "EventCount": 0,
        "InitialStats": {
          "TotalScans": 0,
          "DocumentsHealed": 0,
          "DocumentsCorrupted": 0,
          "OnDemandHealings": 0,
          "BackgroundHealings": 0,
          "LastScanTime": "0001-01-01T00:00:00Z",
          "LastHealingTime": "0001-01-01T00:00:00Z"
        },
        "FinalStats": {
          "TotalScans": 0,
          "DocumentsHealed": 0,
          "DocumentsCorrupted": 0,
          "OnDemandHealings": 0,
          "BackgroundHealings": 0,
          "LastScanTime": "0001-01-01T00:00:00Z",
          "LastHealingTime": "0001-01-01T00:00:00Z"
        }
      },
      "OperationCounts": {
        "create": 5532,
        "delete": 1905,