{
  "TestConfig": {
    "Duration": 120000000000,
    "Workers": 10,
    "Operations": 0,
    "ReadPercent": 40,
    "WritePercent": 30,
    "UpdatePercent": 20,
    "DeletePercent": 10,
    "DocumentSize": 1024,
    "DocumentCount": 10000,
    "MetricsInterval": 1000000000,
    "SocketPath": "/tmp/docdb.sock",
    "DBName": "loadtest",
    "WALDir": "./docdb/data/wal",
    "OutputPath": "matrix_results/json/3db_100conn_1w.json",
    "OutputDir": "./matrix_results",
    "CSVOutput": true,
    "Seed": 1769752699637427000,
    "Databases": [
      {
        "Name": "db1",
        "Workers": 1,
        "DocumentSize": 1024,
        "DocumentCount": 10000,
        "CRUDPercent": null,
        "WALDir": "./docdb/data/wal"
      },
      {
        "Name": "db2",
        "Workers": 1,
        "DocumentSize": 1024,
        "DocumentCount": 10000,
        "CRUDPercent": null,
        "WALDir": "./docdb/data/wal"
      },
      {
        "Name": "db3",
        "Workers": 1,
        "DocumentSize": 1024,
        "DocumentCount": 10000,
        "CRUDPercent": null,
        "WALDir": "./docdb/data/wal"
      }
    ],
    "WorkloadProfile": null,
    "PerDatabaseCRUD": false,
    "ConnectionsPerDB": 100
  },
  "DurationSeconds": 120.001634041,
  "TotalOperations": 90658,
  "Databases": {
    "db1": {
      "Name": "db1",
      "Latency": {
        "create": {
          "P50": 0.2825,
          "P95": 12.080403,
          "P99": 16.071037,
          "P999": 27.482055,
          "Mean": 3.828702,
          "Min": 0.038042,
          "Max": 46.0885,
          "Count": 10395
        },
        "delete": {
          "P50": 0.182125,
          "P95": 11.901546,
          "P99": 15.643804,
          "P999": 20.146364,
          "Mean": 3.082325,
          "Min": 0.016834,
          "Max": 27.713625,
          "Count": 3258
        },
        "read": {
          "P50": 0.196458,
          "P95": 11.949899,
          "P99": 15.961931,
          "P999": 27.994238,
          "Mean": 3.297394,
          "Min": 0.020208,
          "Max": 81.119834,
          "Count": 13409
        },
        "update": {
          "P50": 0.278791,
          "P95": 12.065991,
          "P99": 16.518008,
          "P999": 27.029201,
          "Mean": 3.826768,
          "Min": 0.042166,
          "Max": 47.234167,
          "Count": 6757
        }
      },
      "WALGrowth": {
        "InitialSizeBytes": 88931226,
        "FinalSizeBytes": 88931226,
        "MaxSizeBytes": 88931226,
        "GrowthRateBytesPerSec": 0,
        "SampleCount": 121,
        "DurationSeconds": 120.0021375
      },
      "Healing": {
        "TotalHealings": 0,
        "TotalDocumentsHealed": 0,
        "HealingTimeSeconds": 0,
        "OverheadPercent": 0,
        "EventCount": 0,
        "InitialStats": {
          "TotalScans": 0,
          "DocumentsHealed": 0,
          "DocumentsCorrupted": 0,
          "OnDemandHealings": 0,
          "BackgroundHealings": 0,
          "LastScanTime": "0001-01-01T00:00:00Z",
          "LastHealingTime": "0001-01-01T00:00:00Z"
        },
        "FinalStats": {
          "TotalScans": 0,
          "DocumentsHealed": 0,
          "DocumentsCorrupted": 0,
          "OnDemandHealings": 0,
          "BackgroundHealings": 0,
          "LastScanTime": "0001-01-01T00:00:00Z",
          "LastHealingTime": "0001-01-01T00:00:00Z"
        }
      },
      "OperationCounts": {
        "create": 10395,
        "delete": 3258,
        "read": 13409,
        "update": 6757
      },
      "TotalOperations": 33819
    },
    "db2": {
      "Name": "db2",
      "Latency": {
        "create": {
          "P50": 0.287417,
          "P95": 15.098345,
          "P99": 18.589557,
          "P999": 32.290477,
          "Mean": 4.444909,
          "Min": 0.033708,
          "Max": 46.133375,
          "Count": 8432
        },
        "delete": {
          "P50": 0.21427,
          "P95": 11.974476,
          "P99": 14.578856,
          "P999": 18.9558,
          "Mean": 3.29425,
          "Min": 0.020083,
          "Max": 32.877458,
          "Count": 2800
        },
        "read": {
          "P50": 0.182084,
          "P95": 11.670732,
          "P99": 13.694709,
          "P999": 18.923211,
          "Mean": 2.117668,
          "Min": 0.025292,
          "Max": 33.127917,
          "Count": 11369
        },
        "update": {
          "P50": 8.06325,
          "P95": 16.062229,
          "P99": 21.004049,
          "P999": 33.027169,
          "Mean": 8.515009,
          "Min": 0.042375,
          "Max": 71.876084,
          "Count": 5771
        }
      },
      "WALGrowth": {
        "InitialSizeBytes": 28129606,
        "FinalSizeBytes": 35747086,
        "MaxSizeBytes": 35747086,
        "GrowthRateBytesPerSec": 63477.82067889546,
        "SampleCount": 121,
        "DurationSeconds": 120.002229417
      },
      "Healing": {
        "TotalHealings": 0,
        "TotalDocumentsHealed": 0,
        "HealingTimeSeconds": 0,
        "OverheadPercent": 0,
        "EventCount": 0,
        "InitialStats": {
          "TotalScans": 0,
          "DocumentsHealed": 0,
          "DocumentsCorrupted": 0,
          "OnDemandHealings": 0,
          "BackgroundHealings": 0,
          "LastScanTime": "0001-01-01T00:00:00Z",
          "LastHealingTime": "0001-01-01T00:00:00Z"
        },
        "FinalStats": {
          "TotalScans": 0,
          "DocumentsHealed": 0,
          "DocumentsCorrupted": 0,
          "OnDemandHealings": 0,
          "BackgroundHealings": 0,
          "LastScanTime": "0001-01-01T00:00:00Z",
          "LastHealingTime": "0001-01-01T00:00:00Z"
        }
      },
      "OperationCounts": {
        "create": 8432,
        "delete": 2800,
        "read": 11369,
        "update": 5771
      },
      "TotalOperations": 28372
    },
    "db3": {
      "Name": "db3",
      "Latency": {
        "create": {
          "P50": 0.300125,
          "P95": 14.939791,
          "P99": 19.56035,
          "P999": 29.442958,
          "Mean": 4.48638,
          "Min": 0.033458,
          "Max": 81.088458,
          "Count": 8621
        },
        "delete": {
          "P50": 0.223584,
          "P95": 11.914975,
          "P99": 15.334925,
          "P999": 19.498016,
          "Mean": 3.318519,
          "Min": 0.026833,
          "Max": 22.69775,
          "Count": 2785
        },
        "read": {
          "P50": 0.178709,
          "P95": 11.601167,
          "P99": 13.430395,
          "P999": 21.836816,
          "Mean": 2.034327,
          "Min": 0.017917,
          "Max": 42.269042,
          "Count": 11351
        },
        "update": {
          "P50": 8.100166,
          "P95": 16.067081,
          "P99": 20.856985,
          "P999": 30.474016,
          "Mean": 8.565405,
          "Min": 0.037542,
          "Max": 55.001709,
          "Count": 5710
        }
      },
      "WALGrowth": {
        "InitialSizeBytes": 28612052,
        "FinalSizeBytes": 36279014,
        "MaxSizeBytes": 36279014,
        "GrowthRateBytesPerSec": 63890.15059552705,
        "SampleCount": 121,
        "DurationSeconds": 120.00225275
      },
      "Healing": {
        "TotalHealings": 0,
        "TotalDocumentsHealed": 0,
        "HealingTimeSeconds": 0,
        "OverheadPercent": 0,
        "EventCount": 0,
        "InitialStats": {
          "TotalScans": 0,
          "DocumentsHealed": 0,
          "DocumentsCorrupted": 0,
          "OnDemandHealings": 0,
          "BackgroundHealings": 0,
          "LastScanTime": "0001-01-01T00:00:00Z",
          "LastHealingTime": "0001-01-01T00:00:00Z"
        },
        "FinalStats": {
          "TotalScans": 0,
          "DocumentsHealed": 0,
          "DocumentsCorrupted": 0,
          "OnDemandHealings": 0,
          "BackgroundHealings": 0,
          "LastScanTime": "0001-01-01T00:00:00Z",
          "LastHealingTime": "0001-01-01T00:00:00Z"
        }
      },
      "OperationCounts": {
        "create": 8621,
        "delete": 2785,
        "read": 11351,