{
  "TestConfig": {
    "Duration": 120000000000,
    "Workers": 10,
    "Operations": 0,
    "ReadPercent": 40,
    "WritePercent": 30,
    "UpdatePercent": 20,
    "DeletePercent": 10,
    "DocumentSize": 1024,
    "DocumentCount": 10000,
    "MetricsInterval": 1000000000,
    "SocketPath": "/tmp/docdb.sock",
    "DBName": "loadtest",
    "WALDir": "./docdb/data/wal",
    "OutputPath": "matrix_results/json/3db_50conn_1w.json",
    "OutputDir": "./matrix_results",
    "CSVOutput": true,
    "Seed": 1769752578091686000,
    "Databases": [
      {
        "Name": "db1",
        "Workers": 1,
        "DocumentSize": 1024,
        "DocumentCount": 10000,
        "CRUDPercent": null,
        "WALDir": "./docdb/data/wal"
      },
      {
        "Name": "db2",
        "Workers": 1,
        "DocumentSize": 1024,
        "DocumentCount": 10000,
        "CRUDPercent": null,
        "WALDir": "./docdb/data/wal"
      },
      {
        "Name": "db3",
        "Workers": 1,
        "DocumentSize": 1024,
        "DocumentCount": 10000,
        "CRUDPercent": null,
        "WALDir": "./docdb/data/wal"
      }
    ],
    "WorkloadProfile": null,
    "PerDatabaseCRUD": false,
    "ConnectionsPerDB": 50
  },
  "DurationSeconds": 120.000227458,
  "TotalOperations": 88199,
  "Databases": {
    "db1": {
      "Name": "db1",
      "Latency": {
        "create": {
          "P50": 0.27625,
          "P95": 12.092491,
          "P99": 16.93374,
          "P999": 29.395856,
          "Mean": 4.030765,
          "Min": 0.031583,
          "Max": 35.791416,
          "Count": 9849
        },
        "delete": {
          "P50": 0.18225,
          "P95": 11.99682,
          "P99": 16.773763,
          "P999": 24.165941,
          "Mean": 3.463989,
          "Min": 0.024916,
          "Max": 28.964125,
          "Count": 3247
        },
        "read": {
          "P50": 0.179187,
          "P95": 11.978385,
          "P99": 15.985476,
          "P999": 26.083902,
          "Mean": 3.363387,
          "Min": 0.019291,
          "Max": 47.013542,
          "Count": 12886
        },
        "update": {
          "P50": 0.273167,
          "P95": 12.074758,
          "P99": 17.06986,
          "P999": 27.643885,
          "Mean": 3.973177,
          "Min": 0.03825,
          "Max": 45.662666,
          "Count": 6449
        }
      },
      "WALGrowth": {
        "InitialSizeBytes": 88931226,
        "FinalSizeBytes": 88931226,
        "MaxSizeBytes": 88931226,
        "GrowthRateBytesPerSec": 0,
        "SampleCount": 121,
        "DurationSeconds": 120.000903
      },
      "Healing": {
        "TotalHealings": 0,
        "TotalDocumentsHealed": 0,
        "HealingTimeSeconds": 0,
        "OverheadPercent": 0,
        "EventCount": 0,
        "InitialStats": {
          "TotalScans": 0,
          "DocumentsHealed": 0,
          "DocumentsCorrupted": 0,
          "OnDemandHealings": 0,
          "BackgroundHealings": 0,
          "LastScanTime": "0001-01-01T00:00:00Z",
          "LastHealingTime": "0001-01-01T00:00:00Z"
        },
        "FinalStats": {
          "TotalScans": 0,
          "DocumentsHealed": 0,
          "DocumentsCorrupted": 0,
          "OnDemandHealings": 0,
          "BackgroundHealings": 0,
          "LastScanTime": "0001-01-01T00:00:00Z",
          "LastHealingTime": "0001-01-01T00:00:00Z"
        }
      },
      "OperationCounts": {
        "create": 9849,
        "delete": 3247,
        "read": 12886,
        "update": 6449
      },
      "TotalOperations": 32431
    },
    "db2": {
      "Name": "db2",
      "Latency": {
        "create": {
          "P50": 0.308208,
          "P95": 15.534035,
          "P99": 19.824405,
          "P999": 32.436674,
          "Mean": 4.715123,
          "Min": 0.034333,
          "Max": 45.801041,
          "Count": 8312
        },
        "delete": {
          "P50": 0.203021,
          "P95": 11.933333,
          "P99": 14.7411,
          "P999": 18.234111,
          "Mean": 3.386243,
          "Min": 0.024041,
          "Max": 21.1435,
          "Count": 2746
        },
        "read": {
          "P50": 0.15575,
          "P95": 11.671891,
          "P99": 13.290106,
          "P999": 24.782914,
          "Mean": 2.06838,
          "Min": 0.022917,
          "Max": 32.749833,
          "Count": 11313
        },
        "update": {
          "P50": 8.106833,
          "P95": 16.106833,
          "P99": 21.106362,
          "P999": 30.205532,
          "Mean": 8.62898,
          "Min": 0.045208,
          "Max": 37.886834,
          "Count": 5566
        }
      },
      "WALGrowth": {
        "InitialSizeBytes": 20526586,
        "FinalSizeBytes": 28128456,
        "MaxSizeBytes": 28128456,
        "GrowthRateBytesPerSec": 63348.47969413278,
        "SampleCount": 121,
        "DurationSeconds": 120.00082775
      },
      "Healing": {
        "TotalHealings": 0,
        "TotalDocumentsHealed": 0,
        "HealingTimeSeconds": 0,
        "OverheadPercent": 0,
        "EventCount": 0,
        "InitialStats": {
          "TotalScans": 0,
          "DocumentsHealed": 0,
          "DocumentsCorrupted": 0,
          "OnDemandHealings": 0,
          "BackgroundHealings": 0,
          "LastScanTime": "0001-01-01T00:00:00Z",
          "LastHealingTime": "0001-01-01T00:00:00Z"
        },
        "FinalStats": {
          "TotalScans": 0,
          "DocumentsHealed": 0,
          "DocumentsCorrupted": 0,
          "OnDemandHealings": 0,
          "BackgroundHealings": 0,
          "LastScanTime": "0001-01-01T00:00:00Z",
          "LastHealingTime": "0001-01-01T00:00:00Z"
        }
      },
      "OperationCounts": {
        "create": 8312,
        "delete": 2746,
        "read": 11313,
        "update": 5566
      },
      "TotalOperations": 27937
    },
    "db3": {
      "Name": "db3",
      "Latency": {
        "create": {
          "P50": 0.298916,
          "P95": 15.626853,
          "P99": 19.90669,
          "P999": 28.707169,
          "Mean": 4.727276,
          "Min": 0.036875,
          "Max": 42.706417,
          "Count": 8383
        },
        "delete": {
          "P50": 0.185167,
          "P95": 11.943083,
          "P99": 15.698154,
          "P999": 21.078902,
          "Mean": 3.305706,
          "Min": 0.024625,
          "Max": 34.394875,
          "Count": 2771
        },
        "read": {
          "P50": 0.156625,
          "P95": 11.581133,
          "P99": 12.945208,
          "P999": 19.465195,
          "Mean": 2.037911,
          "Min": 0.022375,
          "Max": 35.027792,
          "Count": 11017
        },
        "update": {
          "P50": 8.115833,
          "P95": 16.132608,
          "P99": 22.943095,
          "P999": 36.431999,
          "Mean": 8.60011,
          "Min": 0.045208,
          "Max": 47.072125,
          "Count": 5660
        }
      },
      "WALGrowth": {
        "InitialSizeBytes": 20919930,
        "FinalSizeBytes": 28610902,
        "MaxSizeBytes": 28610902,
        "GrowthRateBytesPerSec": 64090.97274622815,
        "SampleCount": 121,
        "DurationSeconds": 120.000862375
      },
      "Healing": {
        "TotalHealings": 0,
        "TotalDocumentsHealed": 0,
        "HealingTimeSeconds": 0,
        "OverheadPercent": 0,
        "EventCount": 0,
        "InitialStats": {
          "TotalScans": 0,
          "DocumentsHealed": 0,
          "DocumentsCorrupted": 0,
          "OnDemandHealings": 0,
          "BackgroundHealings": 0,
          "LastScanTime": "0001-01-01T00:00:00Z",
          "LastHealingTime": "0001-01-01T00:00:00Z"
        },
        "FinalStats": {
          "TotalScans": 0,
          "DocumentsHealed": 0,
          "DocumentsCorrupted": 0,
          "OnDemandHealings": 0,
          "BackgroundHealings": 0,
          "LastScanTime": "0001-01-01T00:00:00Z",
          "LastHealingTime": "0001-01-01T00:00:00Z"
        }
      },
      "OperationCounts": {
        "create": 8383,
        "delete": 2771,
        "read": 11017,