{
  "TestConfig": {
    "Duration": 120000000000,
    "Workers": 10,
    "Operations": 0,
    "ReadPercent": 40,
    "WritePercent": 30,
    "UpdatePercent": 20,
    "DeletePercent": 10,
    "DocumentSize": 1024,
    "DocumentCount": 10000,
    "MetricsInterval": 1000000000,
    "SocketPath": "/tmp/docdb.sock",
    "DBName": "loadtest",
    "WALDir": "./docdb/data/wal",
    "OutputPath": "matrix_results/json/3db_5conn_1w.json",
    "OutputDir": "./matrix_results",
    "CSVOutput": true,
    "Seed": 1769700568905399000,
    "Databases": [
      {
        "Name": "db1",
        "Workers": 1,
        "DocumentSize": 1024,
        "DocumentCount": 10000,
        "CRUDPercent": null,
        "WALDir": "./docdb/data/wal"
      },
      {
        "Name": "db2",
        "Workers": 1,
        "DocumentSize": 1024,
        "DocumentCount": 10000,
        "CRUDPercent": null,
        "WALDir": "./docdb/data/wal"
      },
      {
        "Name": "db3",
        "Workers": 1,
        "DocumentSize": 1024,
        "DocumentCount": 10000,
        "CRUDPercent": null,
        "WALDir": "./docdb/data/wal"
      }
    ],
    "WorkloadProfile": null,
    "PerDatabaseCRUD": false,
    "ConnectionsPerDB": 5
  },
  "DurationSeconds": 120.000835708,
  "TotalOperations": 57489,
  "Databases": {
    "db1": {
      "Name": "db1",
      "Latency": {
        "create": {
          "P50": 4.008312,
          "P95": 16.073112,
          "P99": 23.634453,
          "P999": 39.12067,
          "Mean": 5.907945,
          "Min": 0.031708,
          "Max": 184.277125,
          "Count": 6404
        },
        "delete": {
          "P50": 3.682958,
          "P95": 13.247562,
          "P99": 17.517254,
          "P999": 31.748129,
          "Mean": 4.845093,
          "Min": 0.021666,
          "Max": 336.117583,
          "Count": 2063
        },
        "read": {
          "P50": 0.308459,
          "P95": 12.311666,
          "P99": 17.31462,
          "P999": 27.144949,
          "Mean": 3.535576,
          "Min": 0.019292,
          "Max": 144.634542,
          "Count": 8371
        },
        "update": {
          "P50": 11.310333,
          "P95": 19.922625,
          "P99": 25.417057,
          "P999": 39.978225,
          "Mean": 10.126817,
          "Min": 0.044375,
          "Max": 74.776125,
          "Count": 4199
        }
      },
      "WALGrowth": {
        "InitialSizeBytes": 136927168,
        "FinalSizeBytes": 142433544,
        "MaxSizeBytes": 142433544,
        "GrowthRateBytesPerSec": 45882.711692454046,
        "SampleCount": 121,
        "DurationSeconds": 120.009820625
      },
      "Healing": {
        "TotalHealings": 0,
        "TotalDocumentsHealed": 0,
        "HealingTimeSeconds": 0,
        "OverheadPercent": 0,
        "EventCount": 0,
        "InitialStats": {
          "TotalScans": 0,
          "DocumentsHealed": 0,
          "DocumentsCorrupted": 0,
          "OnDemandHealings": 0,
          "BackgroundHealings": 0,
          "LastScanTime": "0001-01-01T00:00:00Z",
          "LastHealingTime": "0001-01-01T00:00:00Z"
        },
        "FinalStats": {
          "TotalScans": 0,
          "DocumentsHealed": 0,
          "DocumentsCorrupted": 0,
          "OnDemandHealings": 0,
          "BackgroundHealings": 0,
          "LastScanTime": "0001-01-01T00:00:00Z",
          "LastHealingTime": "0001-01-01T00:00:00Z"
        }
      },
      "OperationCounts": {
        "create": 6404,
        "delete": 2063,
        "read": 8371,
        "update": 4199
      },
      "TotalOperations": 21037
    },
    "db2": {
      "Name": "db2",
      "Latency": {
        "create": {
          "P50": 6.271437,
          "P95": 21.855064,
          "P99": 31.560096,
          "P999": 48.925925,
          "Mean": 7.325098,
          "Min": 0.036042,
          "Max": 336.157542,
          "Count": 5000
        },
        "delete": {
          "P50": 3.844729,
          "P95": 17.178177,
          "P99": 28.014712,
          "P999": 56.839914,
          "Mean": 5.926172,
          "Min": 0.01875,
          "Max": 71.9345,
          "Count": 1666
        },
        "read": {
          "P50": 0.381833,
          "P95": 17.67179,
          "P99": 28.083308,
          "P999": 48.944506,
          "Mean": 4.855688,
          "Min": 0.022709,
          "Max": 184.644041,
          "Count": 6921
        },
        "update": {
          "P50": 11.692562,
          "P95": 24.790066,
          "P99": 36.624728,
          "P999": 57.907326,
          "Mean": 11.743486,
          "Min": 0.041208,
          "Max": 92.955792,
          "Count": 3394
        }
      },
      "WALGrowth": {
        "InitialSizeBytes": 20797848,
        "FinalSizeBytes": 25156754,
        "MaxSizeBytes": 25156754,
        "GrowthRateBytesPerSec": 36321.24855234897,
        "SampleCount": 121,
        "DurationSeconds": 120.009806208
      },
      "Healing": {
        "TotalHealings": 0,
        "TotalDocumentsHealed": 0,
        "HealingTimeSeconds": 0,
        "OverheadPercent": 0,
        "EventCount": 0,
        "InitialStats": {
          "TotalScans": 0,
          "DocumentsHealed": 0,
          "DocumentsCorrupted": 0,
          "OnDemandHealings": 0,
          "BackgroundHealings": 0,
          "LastScanTime": "0001-01-01T00:00:00Z",
          "LastHealingTime": "0001-01-01T00:00:00Z"
        },
        "FinalStats": {
          "TotalScans": 0,
          "DocumentsHealed": 0,
          "DocumentsCorrupted": 0,
          "OnDemandHealings": 0,
          "BackgroundHealings": 0,
          "LastScanTime": "0001-01-01T00:00:00Z",
          "LastHealingTime": "0001-01-01T00:00:00Z"
        }
      },
      "OperationCounts": {
        "create": 5000,
        "delete": 1666,
        "read": 6921,
        "update": 3394
      },
      "TotalOperations": 16981
    },
    "db3": {
      "Name": "db3",
      "Latency": {
        "create": {
          "P50": 4.102625,
          "P95": 17.209379,
          "P99": 25.27653,
          "P999": 40.065528,
          "Mean": 6.332363,
          "Min": 0.038458,
          "Max": 350.0945,
          "Count": 5879
        },
        "delete": {
          "P50": 3.856833,
          "P95": 15.784818,
          "P99": 20.827332,
          "P999": 42.35092,
          "Mean": 5.321021,
          "Min": 0.023541,
          "Max": 47.091542,
          "Count": 1918
        },
        "read": {
          "P50": 0.336666,
          "P95": 15.011915,
          "P99": 19.983145,
          "P999": 36.88779,
          "Mean": 3.986729,
          "Min": 0.020709,
          "Max": 184.230875,
          "Count": 7720
        },
        "update": {
          "P50": 11.524812,
          "P95": 20.853729,
          "P99": 28.236714,
          "P999": 42.50939,
          "Mean": 10.549669,
          "Min": 0.040042,
          "Max": 77.658417,
          "Count": 3956
        }
      },
      "WALGrowth": {
        "InitialSizeBytes": 21036418,
        "FinalSizeBytes": 26083230,
        "MaxSizeBytes": 26083230,
        "GrowthRateBytesPerSec": 42053.33374194242,
        "SampleCount": 121,
        "DurationSeconds": 120.009795917
      },
      "Healing": {
        "TotalHealings": 0,
        "TotalDocumentsHealed": 0,
        "HealingTimeSeconds": 0,
        "OverheadPercent": 0,
        "EventCount": 0,
        "InitialStats": {
          "TotalScans": 0,
          "DocumentsHealed": 0,
          "DocumentsCorrupted": 0,
          "OnDemandHealings": 0,
          "BackgroundHealings": 0,
          "LastScanTime": "0001-01-01T00:00:00Z",
          "LastHealingTime": "0001-01-01T00:00:00Z"
        },
        "FinalStats": {
          "TotalScans": 0,
          "DocumentsHealed": 0,
          "DocumentsCorrupted": 0,
          "OnDemandHealings": 0,
          "BackgroundHealings": 0,
          "LastScanTime": "0001-01-01T00:00:00Z",
          "LastHealingTime": "0001-01-01T00:00:00Z"
        }
      },
      "OperationCounts": {
        "create": 5879,
        "delete": 1918,