{
  "TestConfig": {
    "Duration": 120000000000,
    "Workers": 10,
    "Operations": 0,
    "ReadPercent": 40,
    "WritePercent": 30,
    "UpdatePercent": 20,
    "DeletePercent": 10,
    "DocumentSize": 1024,
    "DocumentCount": 10000,
    "MetricsInterval": 1000000000,
    "SocketPath": "/tmp/docdb.sock",
    "DBName": "loadtest",
    "WALDir": "./docdb/data/wal",
    "OutputPath": "matrix_results/json/3db_1conn_1w.json",
    "OutputDir": "./matrix_results",
    "CSVOutput": true,
    "Seed": 1769752214225248000,
    "Databases": [
      {
        "Name": "db1",
        "Workers": 1,
        "DocumentSize": 1024,
        "DocumentCount": 10000,
        "CRUDPercent": null,
        "WALDir": "./docdb/data/wal"
      },
      {
        "Name": "db2",
        "Workers": 1,
        "DocumentSize": 1024,
        "DocumentCount": 10000,
        "CRUDPercent": null,
        "WALDir": "./docdb/data/wal"
      },
      {
        "Name": "db3",
        "Workers": 1,
        "DocumentSize": 1024,
        "DocumentCount": 10000,
        "CRUDPercent": null,
        "WALDir": "./docdb/data/wal"
      }
    ],
    "WorkloadProfile": null,
    "PerDatabaseCRUD": false,
    "ConnectionsPerDB": 1
  },
  "DurationSeconds": 120.002637917,
  "TotalOperations": 51546,
  "Databases": {
    "db1": {
      "Name": "db1",
      "Latency": {
        "create": {
          "P50": 7.748709,
          "P95": 16.570683,
          "P99": 24.007456,
          "P999": 38.604955,
          "Mean": 6.959872,
          "Min": 0.034792,
          "Max": 128.495667,
          "Count": 5335
        },
        "delete": {
          "P50": 3.964208,
          "P95": 15.26702,
          "P99": 17.479312,
          "P999": 26.41548,
          "Mean": 5.450542,
          "Min": 0.031041,
          "Max": 27.976375,
          "Count": 1796
        },
        "read": {
          "P50": 0.39575,
          "P95": 13.088595,
          "P99": 18.813893,
          "P999": 29.166768,
          "Mean": 4.363904,
          "Min": 0.032167,
          "Max": 36.577917,
          "Count": 7275
        },
        "update": {
          "P50": 11.875104,
          "P95": 20.428416,
          "P99": 27.997762,
          "P999": 41.427679,
          "Mean": 11.259102,
          "Min": 0.051125,
          "Max": 50.303834,
          "Count": 3666
        }
      },
      "WALGrowth": {
        "InitialSizeBytes": 83434260,
        "FinalSizeBytes": 88281914,
        "MaxSizeBytes": 88281914,
        "GrowthRateBytesPerSec": 40394.845214026725,
        "SampleCount": 122,
        "DurationSeconds": 120.00674775
      },
      "Healing": {
        "TotalHealings": 0,
        "TotalDocumentsHealed": 0,
        "HealingTimeSeconds": 0,
        "OverheadPercent": 0,
        "EventCount": 0,
        "InitialStats": {
          "TotalScans": 0,
          "DocumentsHealed": 0,
          "DocumentsCorrupted": 0,
          "OnDemandHealings": 0,
          "BackgroundHealings": 0,
          "LastScanTime": "0001-01-01T00:00:00Z",
          "LastHealingTime": "0001-01-01T00:00:00Z"
        },
        "FinalStats": {
          "TotalScans": 0,
          "DocumentsHealed": 0,
          "DocumentsCorrupted": 0,
          "OnDemandHealings": 0,
          "BackgroundHealings": 0,
          "LastScanTime": "0001-01-01T00:00:00Z",
          "LastHealingTime": "0001-01-01T00:00:00Z"
        }
      },
      "OperationCounts": {
        "create": 5335,
        "delete": 1796,
        "read": 7275,
        "update": 3666
      },
      "TotalOperations": 18072
    },
    "db2": {
      "Name": "db2",
      "Latency": {
        "create": {
          "P50": 11.886333,
          "P95": 25.060978,
          "P99": 35.846787,
          "P999": 48.524827,
          "Mean": 12.100978,
          "Min": 0.03975,
          "Max": 67.72,
          "Count": 4911
        },
        "delete": {
          "P50": 0.243208,
          "P95": 16.064991,
          "P99": 24.107959,
          "P999": 33.464901,
          "Mean": 4.814765,
          "Min": 0.025792,
          "Max": 51.72525,
          "Count": 1625
        },
        "read": {
          "P50": 0.250146,
          "P95": 16.168458,
          "P99": 27.922261,
          "P999": 45.901963,
          "Mean": 4.749145,
          "Min": 0.0195,
          "Max": 128.547667,
          "Count": 6242
        },
        "update": {
          "P50": 5.941667,
          "P95": 19.928316,
          "P99": 31.850832,
          "P999": 51.371481,
          "Mean": 7.081168,
          "Min": 0.0465,
          "Max": 86.11925,
          "Count": 3255
        }
      },
      "WALGrowth": {
        "InitialSizeBytes": 0,
        "FinalSizeBytes": 5294780,
        "MaxSizeBytes": 5294780,
        "GrowthRateBytesPerSec": 44120.65940283583,
        "SampleCount": 122,
        "DurationSeconds": 120.006819292
      },
      "Healing": {
        "TotalHealings": 0,
        "TotalDocumentsHealed": 0,
        "HealingTimeSeconds": 0,
        "OverheadPercent": 0,
        "EventCount": 0,
        "InitialStats": {
          "TotalScans": 0,
          "DocumentsHealed": 0,
          "DocumentsCorrupted": 0,
          "OnDemandHealings": 0,
          "BackgroundHealings": 0,
          "LastScanTime": "0001-01-01T00:00:00Z",
          "LastHealingTime": "0001-01-01T00:00:00Z"
        },
        "FinalStats": {
          "TotalScans": 0,
          "DocumentsHealed": 0,
          "DocumentsCorrupted": 0,
          "OnDemandHealings": 0,
          "BackgroundHealings": 0,
          "LastScanTime": "0001-01-01T00:00:00Z",
          "LastHealingTime": "0001-01-01T00:00:00Z"
        }
      },
      "OperationCounts": {
        "create": 4911,
        "delete": 1625,
        "read": 6242,
        "update": 3255
      },
      "TotalOperations": 16033
    },
    "db3": {
      "Name": "db3",
      "Latency": {
        "create": {
          "P50": 11.823792,
          "P95": 23.770158,
          "P99": 29.997461,
          "P999": 47.328134,
          "Mean": 11.399645,
          "Min": 0.052416,
          "Max": 57.542917,
          "Count": 5307
        },
        "delete": {
          "P50": 0.293771,
          "P95": 15.714491,
          "P99": 20.008671,
          "P999": 26.571076,
          "Mean": 4.49554,
          "Min": 0.025792,
          "Max": 27.747333,
          "Count": 1732
        },
        "read": {
          "P50": 0.243395,
          "P95": 15.79475,
          "P99": 20.076107,
          "P999": 36.622931,
          "Mean": 4.232602,
          "Min": 0.021542,
          "Max": 128.356458,
          "Count": 6928
        },
        "update": {
          "P50": 4.175167,
          "P95": 16.646447,
          "P99": 24.937046,
          "P999": 36.93165,
          "Mean": 6.428882,
          "Min": 0.0465,
          "Max": 45.601583,
          "Count": 3474
        }
      },
      "WALGrowth": {
        "InitialSizeBytes": 0,
        "FinalSizeBytes": 5677178,
        "MaxSizeBytes": 5677178,
        "GrowthRateBytesPerSec": 47307.11853472799,
        "SampleCount": 122,
        "DurationSeconds": 120.006844125
      },
      "Healing": {
        "TotalHealings": 0,
        "TotalDocumentsHealed": 0,
        "HealingTimeSeconds": 0,
        "OverheadPercent": 0,
        "EventCount": 0,
        "InitialStats": {
          "TotalScans": 0,
          "DocumentsHealed": 0,
          "DocumentsCorrupted": 0,
          "OnDemandHealings": 0,
          "BackgroundHealings": 0,
          "LastScanTime": "0001-01-01T00:00:00Z",
          "LastHealingTime": "0001-01-01T00:00:00Z"
        },
        "FinalStats": {
          "TotalScans": 0,
          "DocumentsHealed": 0,
          "DocumentsCorrupted": 0,
          "OnDemandHealings": 0,
          "BackgroundHealings": 0,
          "LastScanTime": "0001-01-01T00:00:00Z",
          "LastHealingTime": "0001-01-01T00:00:00Z"
        }
      },
      "OperationCounts": {
        "create": 5307,
        "delete": 1732,
        "read": 6928,