{
  "TestConfig": {
    "Duration": 120000000000,
    "Workers": 10,
    "Operations": 0,
    "ReadPercent": 40,
    "WritePercent": 30,
    "UpdatePercent": 20,
    "DeletePercent": 10,
    "DocumentSize": 1024,
    "DocumentCount": 10000,
    "MetricsInterval": 1000000000,
    "SocketPath": "/tmp/docdb.sock",
    "DBName": "loadtest",
    "WALDir": "./docdb/data/wal",
    "OutputPath": "./matrix_results/3db_20conn_2w.json",
    "CSVOutput": true,
    "Seed": 1769671709133199000,
    "Databases": [
      {
        "Name": "db1",
        "Workers": 2,
        "DocumentSize": 1024,
        "DocumentCount": 10000,
        "CRUDPercent": null,
        "WALDir": "./docdb/data/wal"
      },
      {
        "Name": "db2",
        "Workers": 2,
        "DocumentSize": 1024,
        "DocumentCount": 10000,
        "CRUDPercent": null,
        "WALDir": "./docdb/data/wal"
      },
      {
        "Name": "db3",
        "Workers": 2,
        "DocumentSize": 1024,
        "DocumentCount": 10000,
        "CRUDPercent": null,
        "WALDir": "./docdb/data/wal"
      }
    ],
    "WorkloadProfile": null,
    "PerDatabaseCRUD": false,
    "ConnectionsPerDB": 20
  },
  "DurationSeconds": 120.000343791,
  "TotalOperations": 2595378,
  "Databases": {
    "db1": {
      "Name": "db1",
      "Latency": {
        "create": {
          "P50": 0.135833,
          "P95": 1.41675,
          "P99": 2.451577,
          "P999": 3.199805,
          "Mean": 0.316411,
          "Min": 0.042625,
          "Max": 47.283667,
          "Count": 259058
        },
        "delete": {
          "P50": 0.102875,
          "P95": 1.290792,
          "P99": 1.591503,
          "P999": 2.448666,
          "Mean": 0.236533,
          "Min": 0.014125,
          "Max": 30.010917,
          "Count": 86611
        },
        "read": {
          "P50": 0.102917,
          "P95": 1.286625,
          "P99": 1.579375,
          "P999": 2.393095,
          "Mean": 0.235017,
          "Min": 0.014833,
          "Max": 73.365583,
          "Count": 346671
        },
        "update": {
          "P50": 0.136291,
          "P95": 1.415933,
          "P99": 2.459583,
          "P999": 3.169479,
          "Mean": 0.318468,
          "Min": 0.042542,
          "Max": 36.561833,
          "Count": 173453
        }
      },
      "WALGrowth": {
        "InitialSizeBytes": 233497786,
        "FinalSizeBytes": 233497786,
        "MaxSizeBytes": 233497786,
        "GrowthRateBytesPerSec": 0,
        "SampleCount": 122,
        "DurationSeconds": 120.001112208
      },
      "Healing": {
        "TotalHealings": 0,
        "TotalDocumentsHealed": 0,
        "HealingTimeSeconds": 0,
        "OverheadPercent": 0,
        "EventCount": 0,
        "InitialStats": {
          "TotalScans": 0,
          "DocumentsHealed": 0,
          "DocumentsCorrupted": 0,
          "OnDemandHealings": 0,
          "BackgroundHealings": 0,
          "LastScanTime": "0001-01-01T00:00:00Z",
          "LastHealingTime": "0001-01-01T00:00:00Z"
        },
        "FinalStats": {
          "TotalScans": 0,
          "DocumentsHealed": 0,
          "DocumentsCorrupted": 0,
          "OnDemandHealings": 0,
          "BackgroundHealings": 0,
          "LastScanTime": "0001-01-01T00:00:00Z",
          "LastHealingTime": "0001-01-01T00:00:00Z"
        }
      },
      "OperationCounts": {
        "create": 259058,
        "delete": 86611,
        "read": 346671,
        "update": 173453
      },
      "TotalOperations": 865793
    },
    "db2": {
      "Name": "db2",
      "Latency": {
        "create": {
          "P50": 0.136375,
          "P95": 1.416083,
          "P99": 2.448541,
          "P999": 3.161947,
          "Mean": 0.316292,
          "Min": 0.040792,
          "Max": 20.412375,
          "Count": 259141
        },
        "delete": {
          "P50": 0.102854,
          "P95": 1.286955,
          "P99": 1.589907,
          "P999": 2.317598,
          "Mean": 0.234209,
          "Min": 0.017625,
          "Max": 72.131083,
          "Count": 86662
        },
        "read": {
          "P50": 0.102875,
          "P95": 1.291458,
          "P99": 1.594541,
          "P999": 2.442641,
          "Mean": 0.237156,
          "Min": 0.013792,
          "Max": 48.780208,
          "Count": 345868
        },
        "update": {
          "P50": 0.136,
          "P95": 1.414129,
          "P99": 2.457056,
          "P999": 3.140851,
          "Mean": 0.315979,
          "Min": 0.040667,
          "Max": 44.510333,
          "Count": 173659
        }
      },
      "WALGrowth": {
        "InitialSizeBytes": 160159772,
        "FinalSizeBytes": 160159772,
        "MaxSizeBytes": 160159772,
        "GrowthRateBytesPerSec": 0,
        "SampleCount": 122,
        "DurationSeconds": 120.0010465
      },
      "Healing": {
        "TotalHealings": 0,
        "TotalDocumentsHealed": 0,
        "HealingTimeSeconds": 0,
        "OverheadPercent": 0,
        "EventCount": 0,
        "InitialStats": {
          "TotalScans": 0,
          "DocumentsHealed": 0,
          "DocumentsCorrupted": 0,
          "OnDemandHealings": 0,
          "BackgroundHealings": 0,
          "LastScanTime": "0001-01-01T00:00:00Z",
          "LastHealingTime": "0001-01-01T00:00:00Z"
        },
        "FinalStats": {
          "TotalScans": 0,
          "DocumentsHealed": 0,
          "DocumentsCorrupted": 0,
          "OnDemandHealings": 0,
          "BackgroundHealings": 0,
          "LastScanTime": "0001-01-01T00:00:00Z",
          "LastHealingTime": "0001-01-01T00:00:00Z"
        }
      },
      "OperationCounts": {
        "create": 259141,
        "delete": 86662,
        "read": 345868,
        "update": 173659
      },
      "TotalOperations": 865330
    },
    "db3": {
      "Name": "db3",
      "Latency": {
        "create": {
          "P50": 0.136375,
          "P95": 1.419417,
          "P99": 2.450458,
          "P999": 3.182179,
          "Mean": 0.317873,
          "Min": 0.041625,
          "Max": 35.440833,
          "Count": 258776
        },
        "delete": {
          "P50": 0.103042,
          "P95": 1.283228,
          "P99": 1.583887,
          "P999": 2.352839,
          "Mean": 0.233588,
          "Min": 0.016792,
          "Max": 29.481291,
          "Count": 86391
        },
        "read": {
          "P50": 0.102833,
          "P95": 1.287958,
          "P99": 1.588083,
          "P999": 2.402314,
          "Mean": 0.235572,
          "Min": 0.014291,
          "Max": 73.494875,
          "Count": 345717
        },
        "update": {
          "P50": 0.136291,
          "P95": 1.421677,
          "P99": 2.453552,
          "P999": 3.155646,
          "Mean": 0.318764,
          "Min": 0.041667,
          "Max": 71.892042,
          "Count": 173376
        }
      },
      "WALGrowth": {
        "InitialSizeBytes": 160877522,
        "FinalSizeBytes": 160877522,
        "MaxSizeBytes": 160877522,
        "GrowthRateBytesPerSec": 0,
        "SampleCount": 122,
        "DurationSeconds": 120.001007167
      },
      "Healing": {
        "TotalHealings": 0,
        "TotalDocumentsHealed": 0,
        "HealingTimeSeconds": 0,
        "OverheadPercent": 0,
        "EventCount": 0,
        "InitialStats": {
          "TotalScans": 0,
          "DocumentsHealed": 0,
          "DocumentsCorrupted": 0,
          "OnDemandHealings": 0,
          "BackgroundHealings": 0,
          "LastScanTime": "0001-01-01T00:00:00Z",
          "LastHealingTime": "0001-01-01T00:00:00Z"
        },
        "FinalStats": {
          "TotalScans": 0,
          "DocumentsHealed": 0,
          "DocumentsCorrupted": 0,
          "OnDemandHealings": 0,
          "BackgroundHealings": 0,
          "LastScanTime": "0001-01-01T00:00:00Z",
          "LastHealingTime": "0001-01-01T00:00:00Z"
        }
      },
      "OperationCounts": {
        "create": 258776,
        "delete": 86391,
        "read": 345717,
        "update": 173376
      },