{
  "TestConfig": {
    "Duration": 120000000000,
    "Workers": 10,
    "Operations": 0,
    "ReadPercent": 40,
    "WritePercent": 30,
    "UpdatePercent": 20,
    "DeletePercent": 10,
    "DocumentSize": 1024,
    "DocumentCount": 10000,
    "MetricsInterval": 1000000000,
    "SocketPath": "/tmp/docdb.sock",
    "DBName": "loadtest",
    "WALDir": "./docdb/data/wal",
    "OutputPath": "matrix_results/json/3db_5conn_1w.json",
    "OutputDir": "./matrix_results",
    "CSVOutput": true,
    "Seed": 1769752335215520000,
    "Databases": [
      {
        "Name": "db1",
        "Workers": 1,
        "DocumentSize": 1024,
        "DocumentCount": 10000,
        "CRUDPercent": null,
        "WALDir": "./docdb/data/wal"
      },
      {
        "Name": "db2",
        "Workers": 1,
        "DocumentSize": 1024,
        "DocumentCount": 10000,
        "CRUDPercent": null,
        "WALDir": "./docdb/data/wal"
      },
      {
        "Name": "db3",
        "Workers": 1,
        "DocumentSize": 1024,
        "DocumentCount": 10000,
        "CRUDPercent": null,
        "WALDir": "./docdb/data/wal"
      }
    ],
    "WorkloadProfile": null,
    "PerDatabaseCRUD": false,
    "ConnectionsPerDB": 5
  },
  "DurationSeconds": 120.001388041,
  "TotalOperations": 81088,
  "Databases": {
    "db1": {
      "Name": "db1",
      "Latency": {
        "create": {
          "P50": 0.421459,
          "P95": 13.918899,
          "P99": 19.817206,
          "P999": 29.877214,
          "Mean": 4.584675,
          "Min": 0.041041,
          "Max": 56.834125,
          "Count": 9007
        },
        "delete": {
          "P50": 0.203667,
          "P95": 12.009625,
          "P99": 16.555875,
          "P999": 26.383666,
          "Mean": 3.718509,
          "Min": 0.025708,
          "Max": 34.781208,
          "Count": 3001
        },
        "read": {
          "P50": 0.196145,
          "P95": 12.006358,
          "P99": 16.15568,
          "P999": 26.042384,
          "Mean": 3.577133,
          "Min": 0.019041,
          "Max": 409.958334,
          "Count": 11858
        },
        "update": {
          "P50": 0.302312,
          "P95": 12.106783,
          "P99": 17.109639,
          "P999": 28.035525,
          "Mean": 4.231689,
          "Min": 0.037541,
          "Max": 36.993084,
          "Count": 5920
        }
      },
      "WALGrowth": {
        "InitialSizeBytes": 88281914,
        "FinalSizeBytes": 88931226,
        "MaxSizeBytes": 88931226,
        "GrowthRateBytesPerSec": 5410.844740129512,
        "SampleCount": 122,
        "DurationSeconds": 120.001964792
      },
      "Healing": {
        "TotalHealings": 0,
        "TotalDocumentsHealed": 0,
        "HealingTimeSeconds": 0,
        "OverheadPercent": 0,
        "EventCount": 0,
        "InitialStats": {
          "TotalScans": 0,
          "DocumentsHealed": 0,
          "DocumentsCorrupted": 0,
          "OnDemandHealings": 0,
          "BackgroundHealings": 0,
          "LastScanTime": "0001-01-01T00:00:00Z",
          "LastHealingTime": "0001-01-01T00:00:00Z"
        },
        "FinalStats": {
          "TotalScans": 0,
          "DocumentsHealed": 0,
          "DocumentsCorrupted": 0,
          "OnDemandHealings": 0,
          "BackgroundHealings": 0,
          "LastScanTime": "0001-01-01T00:00:00Z",
          "LastHealingTime": "0001-01-01T00:00:00Z"
        }
      },
      "OperationCounts": {
        "create": 9007,
        "delete": 3001,
        "read": 11858,
        "update": 5920
      },
      "TotalOperations": 29786
    },
    "db2": {
      "Name": "db2",
      "Latency": {
        "create": {
          "P50": 7.701354,
          "P95": 15.996635,
          "P99": 22.034325,
          "P999": 36.244759,
          "Mean": 6.72503,
          "Min": 0.042459,
          "Max": 51.6385,
          "Count": 7666
        },
        "delete": {
          "P50": 0.203125,
          "P95": 11.981728,
          "P99": 17.909279,
          "P999": 25.187059,
          "Mean": 3.592577,
          "Min": 0.023083,
          "Max": 409.86825,
          "Count": 2491
        },
        "read": {
          "P50": 0.161292,
          "P95": 11.819427,
          "P99": 15.860716,
          "P999": 27.471441,
          "Mean": 2.336016,
          "Min": 0.025291,
          "Max": 36.650875,
          "Count": 10216
        },
        "update": {
          "P50": 7.763791,
          "P95": 16.006616,
          "P99": 21.178006,
          "P999": 33.77635,
          "Mean": 6.879398,
          "Min": 0.040875,
          "Max": 57.213292,
          "Count": 5169
        }
      },
      "WALGrowth": {
        "InitialSizeBytes": 5295930,
        "FinalSizeBytes": 12721224,
        "MaxSizeBytes": 12721224,
        "GrowthRateBytesPerSec": 61876.422379065145,
        "SampleCount": 122,
        "DurationSeconds": 120.001992916
      },
      "Healing": {
        "TotalHealings": 0,
        "TotalDocumentsHealed": 0,
        "HealingTimeSeconds": 0,
        "OverheadPercent": 0,
        "EventCount": 0,
        "InitialStats": {
          "TotalScans": 0,
          "DocumentsHealed": 0,
          "DocumentsCorrupted": 0,
          "OnDemandHealings": 0,
          "BackgroundHealings": 0,
          "LastScanTime": "0001-01-01T00:00:00Z",
          "LastHealingTime": "0001-01-01T00:00:00Z"
        },
        "FinalStats": {
          "TotalScans": 0,
          "DocumentsHealed": 0,
          "DocumentsCorrupted": 0,
          "OnDemandHealings": 0,
          "BackgroundHealings": 0,
          "LastScanTime": "0001-01-01T00:00:00Z",
          "LastHealingTime": "0001-01-01T00:00:00Z"
        }
      },
      "OperationCounts": {
        "create": 7666,
        "delete": 2491,
        "read": 10216,
        "update": 5169
      },
      "TotalOperations": 25542
    },
    "db3": {
      "Name": "db3",
      "Latency": {
        "create": {
          "P50": 7.673,
          "P95": 16.002009,
          "P99": 20.798149,
          "P999": 33.931925,
          "Mean": 6.656299,
          "Min": 0.041083,
          "Max": 41.259417,
          "Count": 7796
        },
        "delete": {
          "P50": 0.18625,
          "P95": 11.978625,
          "P99": 15.820566,
          "P999": 24.131139,
          "Mean": 3.246807,
          "Min": 0.024041,
          "Max": 28.648958,
          "Count": 2581
        },
        "read": {
          "P50": 0.15975,
          "P95": 11.752087,
          "P99": 15.180326,
          "P999": 23.911351,
          "Mean": 2.252413,
          "Min": 0.023209,
          "Max": 33.912042,
          "Count": 10204
        },
        "update": {
          "P50": 7.803542,
          "P95": 16.044434,
          "P99": 21.000847,
          "P999": 34.307884,
          "Mean": 7.080473,
          "Min": 0.039959,
          "Max": 409.949834,
          "Count": 5179
        }
      },
      "WALGrowth": {
        "InitialSizeBytes": 5678328,
        "FinalSizeBytes": 13217234,
        "MaxSizeBytes": 13217234,
        "GrowthRateBytesPerSec": 62823.1632442007,
        "SampleCount": 122,
        "DurationSeconds": 120.002012167
      },
      "Healing": {
        "TotalHealings": 0,
        "TotalDocumentsHealed": 0,
        "HealingTimeSeconds": 0,
        "OverheadPercent": 0,
        "EventCount": 0,
        "InitialStats": {
          "TotalScans": 0,
          "DocumentsHealed": 0,
          "DocumentsCorrupted": 0,
          "OnDemandHealings": 0,
          "BackgroundHealings": 0,
          "LastScanTime": "0001-01-01T00:00:00Z",
          "LastHealingTime": "0001-01-01T00:00:00Z"
        },
        "FinalStats": {
          "TotalScans": 0,
          "DocumentsHealed": 0,
          "DocumentsCorrupted": 0,
          "OnDemandHealings": 0,
          "BackgroundHealings": 0,
          "LastScanTime": "0001-01-01T00:00:00Z",
          "LastHealingTime": "0001-01-01T00:00:00Z"
        }
      },
      "OperationCounts": {
        "create": 7796,
        "delete": 2581,