{
  "TestConfig": {
    "Duration": 120000000000,
    "Workers": 10,
    "Operations": 0,
    "ReadPercent": 40,
    "WritePercent": 30,
    "UpdatePercent": 20,
    "DeletePercent": 10,
    "DocumentSize": 1024,
    "DocumentCount": 10000,
    "MetricsInterval": 1000000000,
    "SocketPath": "/tmp/docdb.sock",
    "DBName": "loadtest",
    "WALDir": "./docdb/data/wal",
    "OutputPath": "./matrix_results/3db_5conn_5w.json",
    "CSVOutput": true,
    "Seed": 1769670755781338000,
    "Databases": [
      {
        "Name": "db1",
        "Workers": 5,
        "DocumentSize": 1024,
        "DocumentCount": 10000,
        "CRUDPercent": null,
        "WALDir": "./docdb/data/wal"
      },
      {
        "Name": "db2",
        "Workers": 5,
        "DocumentSize": 1024,
        "DocumentCount": 10000,
        "CRUDPercent": null,
        "WALDir": "./docdb/data/wal"
      },
      {
        "Name": "db3",
        "Workers": 5,
        "DocumentSize": 1024,
        "DocumentCount": 10000,
        "CRUDPercent": null,
        "WALDir": "./docdb/data/wal"
      }
    ],
    "WorkloadProfile": null,
    "PerDatabaseCRUD": false,
    "ConnectionsPerDB": 5
  },
  "DurationSeconds": 120.001369583,
  "TotalOperations": 839710,
  "Databases": {
    "db1": {
      "Name": "db1",
      "Latency": {
        "create": {
          "P50": 0.159625,
          "P95": 4.008345,
          "P99": 7.168474,
          "P999": 13.659035,
          "Mean": 0.808055,
          "Min": 0.035917,
          "Max": 188.124875,
          "Count": 231419
        },
        "delete": {
          "P50": 0.126875,
          "P95": 3.964371,
          "P99": 7.149542,
          "P999": 13.763387,
          "Mean": 0.766461,
          "Min": 0.014,
          "Max": 209.362084,
          "Count": 77452
        },
        "read": {
          "P50": 0.126958,
          "P95": 3.948495,
          "P99": 6.296784,
          "P999": 13.424431,
          "Mean": 0.736372,
          "Min": 0.014542,
          "Max": 187.950417,
          "Count": 309363
        },
        "update": {
          "P50": 0.16075,
          "P95": 4.009208,
          "P99": 7.058335,
          "P999": 13.615762,
          "Mean": 0.807229,
          "Min": 0.039042,
          "Max": 187.966625,
          "Count": 154936
        }
      },
      "WALGrowth": {
        "InitialSizeBytes": 233497786,
        "FinalSizeBytes": 233497786,
        "MaxSizeBytes": 233497786,
        "GrowthRateBytesPerSec": 0,
        "SampleCount": 122,
        "DurationSeconds": 120.014819417
      },
      "Healing": {
        "TotalHealings": 0,
        "TotalDocumentsHealed": 0,
        "HealingTimeSeconds": 0,
        "OverheadPercent": 0,
        "EventCount": 0,
        "InitialStats": {
          "TotalScans": 0,
          "DocumentsHealed": 0,
          "DocumentsCorrupted": 0,
          "OnDemandHealings": 0,
          "BackgroundHealings": 0,
          "LastScanTime": "0001-01-01T00:00:00Z",
          "LastHealingTime": "0001-01-01T00:00:00Z"
        },
        "FinalStats": {
          "TotalScans": 0,
          "DocumentsHealed": 0,
          "DocumentsCorrupted": 0,
          "OnDemandHealings": 0,
          "BackgroundHealings": 0,
          "LastScanTime": "0001-01-01T00:00:00Z",
          "LastHealingTime": "0001-01-01T00:00:00Z"
        }
      },
      "OperationCounts": {
        "create": 231419,
        "delete": 77452,
        "read": 309363,
        "update": 154936
      },
      "TotalOperations": 773170
    },
    "db2": {
      "Name": "db2",
      "Latency": {
        "create": {
          "P50": 9.615458,
          "P95": 64.643868,
          "P99": 82.312093,
          "P999": 341.528154,
          "Mean": 18.663622,
          "Min": 0.045958,
          "Max": 616.89775,
          "Count": 9984
        },
        "delete": {
          "P50": 6.75575,
          "P95": 60.174037,
          "P99": 77.704181,
          "P999": 110.065432,
          "Mean": 16.846396,
          "Min": 0.022166,
          "Max": 646.790542,
          "Count": 3250
        },
        "read": {
          "P50": 0.438084,
          "P95": 58.209783,
          "P99": 74.271898,
          "P999": 218.300699,
          "Mean": 14.287768,
          "Min": 0.020042,
          "Max": 617.643167,
          "Count": 13257
        },
        "update": {
          "P50": 14.843333,
          "P95": 71.090816,
          "P99": 93.380008,
          "P999": 314.632456,
          "Mean": 25.50228,
          "Min": 0.045,
          "Max": 647.621708,
          "Count": 6649
        }
      },
      "WALGrowth": {
        "InitialSizeBytes": 143180802,
        "FinalSizeBytes": 151872728,
        "MaxSizeBytes": 151872728,
        "GrowthRateBytesPerSec": 72423.76639638905,
        "SampleCount": 122,
        "DurationSeconds": 120.014829834
      },
      "Healing": {
        "TotalHealings": 0,
        "TotalDocumentsHealed": 0,
        "HealingTimeSeconds": 0,
        "OverheadPercent": 0,
        "EventCount": 0,
        "InitialStats": {
          "TotalScans": 0,
          "DocumentsHealed": 0,
          "DocumentsCorrupted": 0,
          "OnDemandHealings": 0,
          "BackgroundHealings": 0,
          "LastScanTime": "0001-01-01T00:00:00Z",
          "LastHealingTime": "0001-01-01T00:00:00Z"
        },
        "FinalStats": {
          "TotalScans": 0,
          "DocumentsHealed": 0,
          "DocumentsCorrupted": 0,
          "OnDemandHealings": 0,
          "BackgroundHealings": 0,
          "LastScanTime": "0001-01-01T00:00:00Z",
          "LastHealingTime": "0001-01-01T00:00:00Z"
        }
      },
      "OperationCounts": {
        "create": 9984,
        "delete": 3250,
        "read": 13257,
        "update": 6649
      },
      "TotalOperations": 33140
    },
    "db3": {
      "Name": "db3",
      "Latency": {
        "create": {
          "P50": 9.321687,
          "P95": 63.135976,
          "P99": 80.993507,
          "P999": 228.634076,
          "Mean": 18.267352,
          "Min": 0.043125,
          "Max": 591.776709,
          "Count": 9994
        },
        "delete": {
          "P50": 7.221042,
          "P95": 59.9584,
          "P99": 78.139791,
          "P999": 259.72412,
          "Mean": 17.305976,
          "Min": 0.018125,
          "Max": 554.740583,
          "Count": 3305
        },
        "read": {
          "P50": 0.530021,
          "P95": 58.068676,
          "P99": 74.238214,
          "P999": 150.766496,
          "Mean": 13.937439,
          "Min": 0.020166,
          "Max": 554.510834,
          "Count": 13386
        },
        "update": {
          "P50": 14.893208,
          "P95": 70.940466,
          "P99": 89.428189,
          "P999": 421.089537,
          "Mean": 25.82262,
          "Min": 0.052292,
          "Max": 768.344834,
          "Count": 6725
        }
      },
      "WALGrowth": {
        "InitialSizeBytes": 144139522,
        "FinalSizeBytes": 152826324,
        "MaxSizeBytes": 152826324,
        "GrowthRateBytesPerSec": 72380.963768417,
        "SampleCount": 122,
        "DurationSeconds": 120.01500875
      },
      "Healing": {
        "TotalHealings": 0,
        "TotalDocumentsHealed": 0,
        "HealingTimeSeconds": 0,
        "OverheadPercent": 0,
        "EventCount": 0,
        "InitialStats": {
          "TotalScans": 0,
          "DocumentsHealed": 0,
          "DocumentsCorrupted": 0,
          "OnDemandHealings": 0,
          "BackgroundHealings": 0,
          "LastScanTime": "0001-01-01T00:00:00Z",
          "LastHealingTime": "0001-01-01T00:00:00Z"
        },
        "FinalStats": {
          "TotalScans": 0,
          "DocumentsHealed": 0,
          "DocumentsCorrupted": 0,
          "OnDemandHealings": 0,
          "BackgroundHealings": 0,
          "LastScanTime": "0001-01-01T00:00:00Z",
          "LastHealingTime": "0001-01-01T00:00:00Z"
        }
      },
      "OperationCounts": {
        "create": 9994,
        "delete": 3305,
        "read": 13386,