{
  "TestConfig": {
    "Duration": 120000000000,
    "Workers": 10,
    "Operations": 0,
    "ReadPercent": 40,
    "WritePercent": 30,
    "UpdatePercent": 20,
    "DeletePercent": 10,
    "DocumentSize": 1024,
    "DocumentCount": 10000,
    "MetricsInterval": 1000000000,
    "SocketPath": "/tmp/docdb.sock",
    "DBName": "loadtest",
    "WALDir": "./docdb/data/wal",
    "OutputPath": "./matrix_results/3db_20conn_10w.json",
    "CSVOutput": true,
    "Seed": 1769671982216962000,
    "Databases": [
      {
        "Name": "db1",
        "Workers": 10,
        "DocumentSize": 1024,
        "DocumentCount": 10000,
        "CRUDPercent": null,
        "WALDir": "./docdb/data/wal"
      },
      {
        "Name": "db2",
        "Workers": 10,
        "DocumentSize": 1024,
        "DocumentCount": 10000,
        "CRUDPercent": null,
        "WALDir": "./docdb/data/wal"
      },
      {
        "Name": "db3",
        "Workers": 10,
        "DocumentSize": 1024,
        "DocumentCount": 10000,
        "CRUDPercent": null,
        "WALDir": "./docdb/data/wal"
      }
    ],
    "WorkloadProfile": null,
    "PerDatabaseCRUD": false,
    "ConnectionsPerDB": 20
  },
  "DurationSeconds": 120.000837125,
  "TotalOperations": 2379389,
  "Databases": {
    "db1": {
      "Name": "db1",
      "Latency": {
        "create": {
          "P50": 0.218584,
          "P95": 5.179707,
          "P99": 6.891433,
          "P999": 20.321305,
          "Mean": 1.596682,
          "Min": 0.041583,
          "Max": 514.793708,
          "Count": 238261
        },
        "delete": {
          "P50": 0.174708,
          "P95": 5.072237,
          "P99": 6.77377,
          "P999": 23.468077,
          "Mean": 1.436632,
          "Min": 0.017292,
          "Max": 484.234416,
          "Count": 79763
        },
        "read": {
          "P50": 0.172625,
          "P95": 5.073708,
          "P99": 6.671128,
          "P999": 19.385677,
          "Mean": 1.419667,
          "Min": 0.015166,
          "Max": 492.176,
          "Count": 316692
        },
        "update": {
          "P50": 0.221917,
          "P95": 5.183189,
          "P99": 6.830772,
          "P999": 19.655209,
          "Mean": 1.604078,
          "Min": 0.042833,
          "Max": 516.30475,
          "Count": 158688
        }
      },
      "WALGrowth": {
        "InitialSizeBytes": 233497786,
        "FinalSizeBytes": 233497786,
        "MaxSizeBytes": 233497786,
        "GrowthRateBytesPerSec": 0,
        "SampleCount": 122,
        "DurationSeconds": 120.001567084
      },
      "Healing": {
        "TotalHealings": 0,
        "TotalDocumentsHealed": 0,
        "HealingTimeSeconds": 0,
        "OverheadPercent": 0,
        "EventCount": 0,
        "InitialStats": {
          "TotalScans": 0,
          "DocumentsHealed": 0,
          "DocumentsCorrupted": 0,
          "OnDemandHealings": 0,
          "BackgroundHealings": 0,
          "LastScanTime": "0001-01-01T00:00:00Z",
          "LastHealingTime": "0001-01-01T00:00:00Z"
        },
        "FinalStats": {
          "TotalScans": 0,
          "DocumentsHealed": 0,
          "DocumentsCorrupted": 0,
          "OnDemandHealings": 0,
          "BackgroundHealings": 0,
          "LastScanTime": "0001-01-01T00:00:00Z",
          "LastHealingTime": "0001-01-01T00:00:00Z"
        }
      },
      "OperationCounts": {
        "create": 238261,
        "delete": 79763,
        "read": 316692,
        "update": 158688
      },
      "TotalOperations": 793404
    },
    "db2": {
      "Name": "db2",
      "Latency": {
        "create": {
          "P50": 0.216916,
          "P95": 5.192792,
          "P99": 6.874922,
          "P999": 20.433096,
          "Mean": 1.596204,
          "Min": 0.042959,
          "Max": 550.711834,
          "Count": 238364
        },
        "delete": {
          "P50": 0.172875,
          "P95": 5.085822,
          "P99": 6.792359,
          "P999": 21.634486,
          "Mean": 1.419313,
          "Min": 0.016958,
          "Max": 125.237792,
          "Count": 79454
        },
        "read": {
          "P50": 0.174416,
          "P95": 5.095625,
          "P99": 6.758854,
          "P999": 19.236725,
          "Mean": 1.424174,
          "Min": 0.0165,
          "Max": 529.082875,
          "Count": 317036
        },
        "update": {
          "P50": 0.219875,
          "P95": 5.183158,
          "P99": 6.838218,
          "P999": 19.335602,
          "Mean": 1.596957,
          "Min": 0.042875,
          "Max": 542.913041,
          "Count": 159253
        }
      },
      "WALGrowth": {
        "InitialSizeBytes": 160159772,
        "FinalSizeBytes": 160159772,
        "MaxSizeBytes": 160159772,
        "GrowthRateBytesPerSec": 0,
        "SampleCount": 122,
        "DurationSeconds": 120.001680542
      },
      "Healing": {
        "TotalHealings": 0,
        "TotalDocumentsHealed": 0,
        "HealingTimeSeconds": 0,
        "OverheadPercent": 0,
        "EventCount": 0,
        "InitialStats": {
          "TotalScans": 0,
          "DocumentsHealed": 0,
          "DocumentsCorrupted": 0,
          "OnDemandHealings": 0,
          "BackgroundHealings": 0,
          "LastScanTime": "0001-01-01T00:00:00Z",
          "LastHealingTime": "0001-01-01T00:00:00Z"
        },
        "FinalStats": {
          "TotalScans": 0,
          "DocumentsHealed": 0,
          "DocumentsCorrupted": 0,
          "OnDemandHealings": 0,
          "BackgroundHealings": 0,
          "LastScanTime": "0001-01-01T00:00:00Z",
          "LastHealingTime": "0001-01-01T00:00:00Z"
        }
      },
      "OperationCounts": {
        "create": 238364,
        "delete": 79454,
        "read": 317036,
        "update": 159253
      },
      "TotalOperations": 794107
    },
    "db3": {
      "Name": "db3",
      "Latency": {
        "create": {
          "P50": 0.222417,
          "P95": 5.192196,
          "P99": 6.952243,
          "P999": 20.757118,
          "Mean": 1.605881,
          "Min": 0.041333,
          "Max": 529.346958,
          "Count": 237464
        },
        "delete": {
          "P50": 0.173229,
          "P95": 5.076145,
          "P99": 6.649,
          "P999": 19.386768,
          "Mean": 1.418087,
          "Min": 0.017291,
          "Max": 461.514875,
          "Count": 79556
        },
        "read": {
          "P50": 0.174875,
          "P95": 5.082458,
          "P99": 6.714718,
          "P999": 19.251718,
          "Mean": 1.427386,
          "Min": 0.016083,
          "Max": 479.662084,
          "Count": 316593
        },
        "update": {
          "P50": 0.219875,
          "P95": 5.1739,
          "P99": 6.888121,
          "P999": 23.883605,
          "Mean": 1.599106,
          "Min": 0.042666,
          "Max": 439.024292,
          "Count": 158285
        }
      },
      "WALGrowth": {
        "InitialSizeBytes": 160877522,
        "FinalSizeBytes": 160877522,
        "MaxSizeBytes": 160877522,
        "GrowthRateBytesPerSec": 0,
        "SampleCount": 122,
        "DurationSeconds": 120.001597959
      },
      "Healing": {
        "TotalHealings": 0,
        "TotalDocumentsHealed": 0,
        "HealingTimeSeconds": 0,
        "OverheadPercent": 0,
        "EventCount": 0,
        "InitialStats": {
          "TotalScans": 0,
          "DocumentsHealed": 0,
          "DocumentsCorrupted": 0,
          "OnDemandHealings": 0,
          "BackgroundHealings": 0,
          "LastScanTime": "0001-01-01T00:00:00Z",
          "LastHealingTime": "0001-01-01T00:00:00Z"
        },
        "FinalStats": {
          "TotalScans": 0,
          "DocumentsHealed": 0,
          "DocumentsCorrupted": 0,
          "OnDemandHealings": 0,
          "BackgroundHealings": 0,
          "LastScanTime": "0001-01-01T00:00:00Z",
          "LastHealingTime": "0001-01-01T00:00:00Z"
        }
      },
      "OperationCounts": {
        "create": 237464,
        "delete": 79556,
        "read": 316593,
        "update": 158285
      },