{
  "TestConfig": {
    "Duration": 60000000000,
    "Workers": 10,
    "Operations": 0,
    "ReadPercent": 40,
    "WritePercent": 30,
    "UpdatePercent": 20,
    "DeletePercent": 10,
    "DocumentSize": 1024,
    "DocumentCount": 10000,
    "MetricsInterval": 1000000000,
    "SocketPath": "/tmp/docdb.sock",
    "DBName": "loadtest",
    "WALDir": "./docdb/data/wal",
    "OutputPath": "matrix_results/json/3db_5conn_1w.json",
    "OutputDir": "docdb/tests/load/results",
    "CSVOutput": true,
    "Seed": 1769690058348803000,
    "Databases": [
      {
        "Name": "db1",
        "Workers": 1,
        "DocumentSize": 1024,
        "DocumentCount": 10000,
        "CRUDPercent": null,
        "WALDir": "./docdb/data/wal"
      },
      {
        "Name": "db2",
        "Workers": 1,
        "DocumentSize": 1024,
        "DocumentCount": 10000,
        "CRUDPercent": null,
        "WALDir": "./docdb/data/wal"
      },
      {
        "Name": "db3",
        "Workers": 1,
        "DocumentSize": 1024,
        "DocumentCount": 10000,
        "CRUDPercent": null,
        "WALDir": "./docdb/data/wal"
      }
    ],
    "WorkloadProfile": null,
    "PerDatabaseCRUD": false,
    "ConnectionsPerDB": 5
  },
  "DurationSeconds": 60.000699666,
  "TotalOperations": 28828,
  "Databases": {
    "db1": {
      "Name": "db1",
      "Latency": {
        "create": {
          "P50": 4.056708,
          "P95": 15.95787,
          "P99": 19.984429,
          "P999": 27.832922,
          "Mean": 5.873275,
          "Min": 0.030875,
          "Max": 37.17225,
          "Count": 3059
        },
        "delete": {
          "P50": 3.603291,
          "P95": 12.033457,
          "P99": 15.966425,
          "P999": 23.78363,
          "Mean": 4.489034,
          "Min": 0.020167,
          "Max": 27.11325,
          "Count": 1057
        },
        "read": {
          "P50": 0.323541,
          "P95": 12.051854,
          "P99": 16.082812,
          "P999": 20.209141,
          "Mean": 3.547197,
          "Min": 0.0205,
          "Max": 23.888125,
          "Count": 4111
        },
        "update": {
          "P50": 11.782375,
          "P95": 19.948375,
          "P99": 24.237641,
          "P999": 31.487935,
          "Mean": 10.746153,
          "Min": 0.057542,
          "Max": 35.720542,
          "Count": 2111
        }
      },
      "WALGrowth": {
        "InitialSizeBytes": 41361224,
        "FinalSizeBytes": 44050530,
        "MaxSizeBytes": 44050530,
        "GrowthRateBytesPerSec": 44819.13569002846,
        "SampleCount": 61,
        "DurationSeconds": 60.003522125
      },
      "Healing": {
        "TotalHealings": 0,
        "TotalDocumentsHealed": 0,
        "HealingTimeSeconds": 0,
        "OverheadPercent": 0,
        "EventCount": 0,
        "InitialStats": {
          "TotalScans": 0,
          "DocumentsHealed": 0,
          "DocumentsCorrupted": 0,
          "OnDemandHealings": 0,
          "BackgroundHealings": 0,
          "LastScanTime": "0001-01-01T00:00:00Z",
          "LastHealingTime": "0001-01-01T00:00:00Z"
        },
        "FinalStats": {
          "TotalScans": 0,
          "DocumentsHealed": 0,
          "DocumentsCorrupted": 0,
          "OnDemandHealings": 0,
          "BackgroundHealings": 0,
          "LastScanTime": "0001-01-01T00:00:00Z",
          "LastHealingTime": "0001-01-01T00:00:00Z"
        }
      },
      "OperationCounts": {
        "create": 3059,
        "delete": 1057,
        "read": 4111,
        "update": 2111
      },
      "TotalOperations": 10338
    },
    "db2": {
      "Name": "db2",
      "Latency": {
        "create": {
          "P50": 7.936062,
          "P95": 18.831658,
          "P99": 23.974879,
          "P999": 34.831808,
          "Mean": 7.655447,
          "Min": 0.037375,
          "Max": 39.86275,
          "Count": 3012
        },
        "delete": {
          "P50": 3.234875,
          "P95": 15.043857,
          "P99": 19.770128,
          "P999": 24.156877,
          "Mean": 4.709076,
          "Min": 0.023333,
          "Max": 28.060708,
          "Count": 950
        },
        "read": {
          "P50": 0.339687,
          "P95": 15.387166,
          "P99": 19.797418,
          "P999": 28.022908,
          "Mean": 4.043432,
          "Min": 0.022708,
          "Max": 35.699167,
          "Count": 3806
        },
        "update": {
          "P50": 8.096917,
          "P95": 19.932045,
          "P99": 24.132771,
          "P999": 30.858958,
          "Mean": 8.852338,
          "Min": 0.03275,
          "Max": 38.573292,
          "Count": 1927
        }
      },
      "WALGrowth": {
        "InitialSizeBytes": 8611030,
        "FinalSizeBytes": 11320296,
        "MaxSizeBytes": 11320296,
        "GrowthRateBytesPerSec": 45151.71983989071,
        "SampleCount": 61,
        "DurationSeconds": 60.003605834
      },
      "Healing": {
        "TotalHealings": 0,
        "TotalDocumentsHealed": 0,
        "HealingTimeSeconds": 0,
        "OverheadPercent": 0,
        "EventCount": 0,
        "InitialStats": {
          "TotalScans": 0,
          "DocumentsHealed": 0,
          "DocumentsCorrupted": 0,
          "OnDemandHealings": 0,
          "BackgroundHealings": 0,
          "LastScanTime": "0001-01-01T00:00:00Z",
          "LastHealingTime": "0001-01-01T00:00:00Z"
        },
        "FinalStats": {
          "TotalScans": 0,
          "DocumentsHealed": 0,
          "DocumentsCorrupted": 0,
          "OnDemandHealings": 0,
          "BackgroundHealings": 0,
          "LastScanTime": "0001-01-01T00:00:00Z",
          "LastHealingTime": "0001-01-01T00:00:00Z"
        }
      },
      "OperationCounts": {
        "create": 3012,
        "delete": 950,
        "read": 3806,
        "update": 1927
      },
      "TotalOperations": 9695
    },
    "db3": {
      "Name": "db3",
      "Latency": {
        "create": {
          "P50": 8.012,
          "P95": 22.954116,
          "P99": 31.930846,
          "P999": 47.947174,
          "Mean": 8.679119,
          "Min": 0.028459,
          "Max": 53.987083,
          "Count": 2725
        },
        "delete": {
          "P50": 3.675125,
          "P95": 16.052495,
          "P99": 23.999656,
          "P999": 32.065728,
          "Mean": 5.312386,
          "Min": 0.019333,
          "Max": 32.846125,
          "Count": 879
        },
        "read": {
          "P50": 0.336084,
          "P95": 16.064324,
          "P99": 24.268452,
          "P999": 36.661671,
          "Mean": 4.491584,
          "Min": 0.014708,
          "Max": 39.883583,
          "Count": 3545
        },
        "update": {
          "P50": 8.744417,
          "P95": 23.752974,
          "P99": 35.353921,
          "P999": 49.379978,
          "Mean": 9.543951,
          "Min": 0.040125,
          "Max": 55.674417,
          "Count": 1649
        }
      },
      "WALGrowth": {
        "InitialSizeBytes": 7916128,
        "FinalSizeBytes": 10322406,
        "MaxSizeBytes": 10322406,
        "GrowthRateBytesPerSec": 40102.174540685286,
        "SampleCount": 61,
        "DurationSeconds": 60.003678792
      },
      "Healing": {
        "TotalHealings": 0,
        "TotalDocumentsHealed": 0,
        "HealingTimeSeconds": 0,
        "OverheadPercent": 0,
        "EventCount": 0,
        "InitialStats": {
          "TotalScans": 0,
          "DocumentsHealed": 0,
          "DocumentsCorrupted": 0,
          "OnDemandHealings": 0,
          "BackgroundHealings": 0,
          "LastScanTime": "0001-01-01T00:00:00Z",
          "LastHealingTime": "0001-01-01T00:00:00Z"
        },
        "FinalStats": {
          "TotalScans": 0,
          "DocumentsHealed": 0,
          "DocumentsCorrupted": 0,
          "OnDemandHealings": 0,
          "BackgroundHealings": 0,
          "LastScanTime": "0001-01-01T00:00:00Z",
          "LastHealingTime": "0001-01-01T00:00:00Z"
        }
      },
      "OperationCounts": {
        "create": 2725,
        "delete": 879,
        "read": 3545,