{
  "TestConfig": {
    "Duration": 120000000000,
    "Workers": 10,
    "Operations": 0,
    "ReadPercent": 40,
    "WritePercent": 30,
    "UpdatePercent": 20,
    "DeletePercent": 10,
    "DocumentSize": 1024,
    "DocumentCount": 10000,
    "MetricsInterval": 1000000000,
    "SocketPath": "/tmp/docdb.sock",
    "DBName": "loadtest",
    "WALDir": "./docdb/data/wal",
    "OutputPath": "./matrix_results/3db_1conn_5w.json",
    "CSVOutput": true,
    "Seed": 1769670221587511000,
    "Databases": [
      {
        "Name": "db1",
        "Workers": 5,
        "DocumentSize": 1024,
        "DocumentCount": 10000,
        "CRUDPercent": null,
        "WALDir": "./docdb/data/wal"
      },
      {
        "Name": "db2",
        "Workers": 5,
        "DocumentSize": 1024,
        "DocumentCount": 10000,
        "CRUDPercent": null,
        "WALDir": "./docdb/data/wal"
      },
      {
        "Name": "db3",
        "Workers": 5,
        "DocumentSize": 1024,
        "DocumentCount": 10000,
        "CRUDPercent": null,
        "WALDir": "./docdb/data/wal"
      }
    ],
    "WorkloadProfile": null,
    "PerDatabaseCRUD": false,
    "ConnectionsPerDB": 1
  },
  "DurationSeconds": 120.00130825,
  "TotalOperations": 894118,
  "Databases": {
    "db1": {
      "Name": "db1",
      "Latency": {
        "create": {
          "P50": 0.13525,
          "P95": 3.882924,
          "P99": 7.575175,
          "P999": 19.662693,
          "Mean": 0.745312,
          "Min": 0.028625,
          "Max": 137.301417,
          "Count": 251629
        },
        "delete": {
          "P50": 0.10725,
          "P95": 3.827292,
          "P99": 6.018656,
          "P999": 18.108025,
          "Mean": 0.671126,
          "Min": 0.013208,
          "Max": 55.692916,
          "Count": 83926
        },
        "read": {
          "P50": 0.107666,
          "P95": 3.836125,
          "P99": 6.634288,
          "P999": 17.977977,
          "Mean": 0.686051,
          "Min": 0.010916,
          "Max": 153.99225,
          "Count": 334748
        },
        "update": {
          "P50": 0.135583,
          "P95": 3.874725,
          "P99": 7.671259,
          "P999": 19.788516,
          "Mean": 0.746732,
          "Min": 0.029,
          "Max": 173.910291,
          "Count": 168427
        }
      },
      "WALGrowth": {
        "InitialSizeBytes": 233497786,
        "FinalSizeBytes": 233497786,
        "MaxSizeBytes": 233497786,
        "GrowthRateBytesPerSec": 0,
        "SampleCount": 122,
        "DurationSeconds": 120.020741625
      },
      "Healing": {
        "TotalHealings": 0,
        "TotalDocumentsHealed": 0,
        "HealingTimeSeconds": 0,
        "OverheadPercent": 0,
        "EventCount": 0,
        "InitialStats": {
          "TotalScans": 0,
          "DocumentsHealed": 0,
          "DocumentsCorrupted": 0,
          "OnDemandHealings": 0,
          "BackgroundHealings": 0,
          "LastScanTime": "0001-01-01T00:00:00Z",
          "LastHealingTime": "0001-01-01T00:00:00Z"
        },
        "FinalStats": {
          "TotalScans": 0,
          "DocumentsHealed": 0,
          "DocumentsCorrupted": 0,
          "OnDemandHealings": 0,
          "BackgroundHealings": 0,
          "LastScanTime": "0001-01-01T00:00:00Z",
          "LastHealingTime": "0001-01-01T00:00:00Z"
        }
      },
      "OperationCounts": {
        "create": 251629,
        "delete": 83926,
        "read": 334748,
        "update": 168427
      },
      "TotalOperations": 838730
    },
    "db2": {
      "Name": "db2",
      "Latency": {
        "create": {
          "P50": 10.626021,
          "P95": 80.098954,
          "P99": 124.666031,
          "P999": 211.418,
          "Mean": 22.582656,
          "Min": 0.0345,
          "Max": 451.973,
          "Count": 8314
        },
        "delete": {
          "P50": 7.558083,
          "P95": 73.770632,
          "P99": 110.530568,
          "P999": 201.360873,
          "Mean": 20.135247,
          "Min": 0.018542,
          "Max": 238.787334,
          "Count": 2773
        },
        "read": {
          "P50": 0.746125,
          "P95": 72.026327,
          "P99": 115.160525,
          "P999": 201.51423,
          "Mean": 17.162962,
          "Min": 0.020084,
          "Max": 275.020209,
          "Count": 11090
        },
        "update": {
          "P50": 16.795417,
          "P95": 89.358921,
          "P99": 133.517819,
          "P999": 198.458577,
          "Mean": 30.222258,
          "Min": 0.033917,
          "Max": 246.22075,
          "Count": 5495
        }
      },
      "WALGrowth": {
        "InitialSizeBytes": 111536246,
        "FinalSizeBytes": 118624664,
        "MaxSizeBytes": 118624664,
        "GrowthRateBytesPerSec": 59059.96152075875,
        "SampleCount": 122,
        "DurationSeconds": 120.020701292
      },
      "Healing": {
        "TotalHealings": 0,
        "TotalDocumentsHealed": 0,
        "HealingTimeSeconds": 0,
        "OverheadPercent": 0,
        "EventCount": 0,
        "InitialStats": {
          "TotalScans": 0,
          "DocumentsHealed": 0,
          "DocumentsCorrupted": 0,
          "OnDemandHealings": 0,
          "BackgroundHealings": 0,
          "LastScanTime": "0001-01-01T00:00:00Z",
          "LastHealingTime": "0001-01-01T00:00:00Z"
        },
        "FinalStats": {
          "TotalScans": 0,
          "DocumentsHealed": 0,
          "DocumentsCorrupted": 0,
          "OnDemandHealings": 0,
          "BackgroundHealings": 0,
          "LastScanTime": "0001-01-01T00:00:00Z",
          "LastHealingTime": "0001-01-01T00:00:00Z"
        }
      },
      "OperationCounts": {
        "create": 8314,
        "delete": 2773,
        "read": 11090,
        "update": 5495
      },
      "TotalOperations": 27672
    },
    "db3": {
      "Name": "db3",
      "Latency": {
        "create": {
          "P50": 10.156083,
          "P95": 79.514792,
          "P99": 123.75146,
          "P999": 218.162686,
          "Mean": 22.130058,
          "Min": 0.0335,
          "Max": 300.225541,
          "Count": 8267
        },
        "delete": {
          "P50": 6.0015,
          "P95": 75.803551,
          "P99": 114.514729,
          "P999": 176.32692,
          "Mean": 19.688624,
          "Min": 0.016792,
          "Max": 252.038375,
          "Count": 2836
        },
        "read": {
          "P50": 0.552166,
          "P95": 72.62317,
          "P99": 114.98507,
          "P999": 189.68992,
          "Mean": 17.149884,
          "Min": 0.020666,
          "Max": 379.638875,
          "Count": 11090
        },
        "update": {
          "P50": 17.030583,
          "P95": 89.46795,
          "P99": 135.025499,
          "P999": 279.265656,
          "Mean": 30.912842,
          "Min": 0.038208,
          "Max": 530.234583,
          "Count": 5537
        }
      },
      "WALGrowth": {
        "InitialSizeBytes": 112055912,
        "FinalSizeBytes": 119209740,
        "MaxSizeBytes": 119209740,
        "GrowthRateBytesPerSec": 59604.950051414206,
        "SampleCount": 122,
        "DurationSeconds": 120.020702875
      },
      "Healing": {
        "TotalHealings": 0,
        "TotalDocumentsHealed": 0,
        "HealingTimeSeconds": 0,
        "OverheadPercent": 0,
        "EventCount": 0,
        "InitialStats": {
          "TotalScans": 0,
          "DocumentsHealed": 0,
          "DocumentsCorrupted": 0,
          "OnDemandHealings": 0,
          "BackgroundHealings": 0,
          "LastScanTime": "0001-01-01T00:00:00Z",
          "LastHealingTime": "0001-01-01T00:00:00Z"
        },
        "FinalStats": {
          "TotalScans": 0,
          "DocumentsHealed": 0,
          "DocumentsCorrupted": 0,
          "OnDemandHealings": 0,
          "BackgroundHealings": 0,
          "LastScanTime": "0001-01-01T00:00:00Z",
          "LastHealingTime": "0001-01-01T00:00:00Z"
        }
      },
      "OperationCounts": {
        "create": 8267,
        "delete": 2836,
        "read": 11090,