{
  "TestConfig": {
    "Duration": 120000000000,
    "Workers": 10,
    "Operations": 0,
    "ReadPercent": 40,
    "WritePercent": 30,
    "UpdatePercent": 20,
    "DeletePercent": 10,
    "DocumentSize": 1024,
    "DocumentCount": 10000,
    "MetricsInterval": 1000000000,
    "SocketPath": "/tmp/docdb.sock",
    "DBName": "loadtest",
    "WALDir": "./docdb/data/wal",
    "OutputPath": "matrix_results/json/3db_10conn_1w.json",
    "OutputDir": "./matrix_results",
    "CSVOutput": true,
    "Seed": 1769752456548781000,
    "Databases": [
      {
        "Name": "db1",
        "Workers": 1,
        "DocumentSize": 1024,
        "DocumentCount": 10000,
        "CRUDPercent": null,
        "WALDir": "./docdb/data/wal"
      },
      {
        "Name": "db2",
        "Workers": 1,
        "DocumentSize": 1024,
        "DocumentCount": 10000,
        "CRUDPercent": null,
        "WALDir": "./docdb/data/wal"
      },
      {
        "Name": "db3",
        "Workers": 1,
        "DocumentSize": 1024,
        "DocumentCount": 10000,
        "CRUDPercent": null,
        "WALDir": "./docdb/data/wal"
      }
    ],
    "WorkloadProfile": null,
    "PerDatabaseCRUD": false,
    "ConnectionsPerDB": 10
  },
  "DurationSeconds": 120.000101625,
  "TotalOperations": 89495,
  "Databases": {
    "db1": {
      "Name": "db1",
      "Latency": {
        "create": {
          "P50": 0.293062,
          "P95": 12.024554,
          "P99": 16.118869,
          "P999": 27.758662,
          "Mean": 3.830597,
          "Min": 0.039542,
          "Max": 60.092584,
          "Count": 10120
        },
        "delete": {
          "P50": 0.212208,
          "P95": 11.946021,
          "P99": 16.02718,
          "P999": 27.543684,
          "Mean": 3.403036,
          "Min": 0.024375,
          "Max": 55.147333,
          "Count": 3343
        },
        "read": {
          "P50": 0.201041,
          "P95": 11.946666,
          "P99": 16.010075,
          "P999": 27.181523,
          "Mean": 3.283091,
          "Min": 0.021375,
          "Max": 38.809834,
          "Count": 13541
        },
        "update": {
          "P50": 0.289542,
          "P95": 12.020725,
          "P99": 16.173391,
          "P999": 25.320772,
          "Mean": 3.788845,
          "Min": 0.037666,
          "Max": 37.642083,
          "Count": 6685
        }
      },
      "WALGrowth": {
        "InitialSizeBytes": 88931226,
        "FinalSizeBytes": 88931226,
        "MaxSizeBytes": 88931226,
        "GrowthRateBytesPerSec": 0,
        "SampleCount": 121,
        "DurationSeconds": 120.000713042
      },
      "Healing": {
        "TotalHealings": 0,
        "TotalDocumentsHealed": 0,
        "HealingTimeSeconds": 0,
        "OverheadPercent": 0,
        "EventCount": 0,
        "InitialStats": {
          "TotalScans": 0,
          "DocumentsHealed": 0,
          "DocumentsCorrupted": 0,
          "OnDemandHealings": 0,
          "BackgroundHealings": 0,
          "LastScanTime": "0001-01-01T00:00:00Z",
          "LastHealingTime": "0001-01-01T00:00:00Z"
        },
        "FinalStats": {
          "TotalScans": 0,
          "DocumentsHealed": 0,
          "DocumentsCorrupted": 0,
          "OnDemandHealings": 0,
          "BackgroundHealings": 0,
          "LastScanTime": "0001-01-01T00:00:00Z",
          "LastHealingTime": "0001-01-01T00:00:00Z"
        }
      },
      "OperationCounts": {
        "create": 10120,
        "delete": 3343,
        "read": 13541,
        "update": 6685
      },
      "TotalOperations": 33689
    },
    "db2": {
      "Name": "db2",
      "Latency": {
        "create": {
          "P50": 3.803124,
          "P95": 15.668096,
          "P99": 19.684738,
          "P999": 27.888289,
          "Mean": 5.187732,
          "Min": 0.038375,
          "Max": 38.971833,
          "Count": 8388
        },
        "delete": {
          "P50": 0.210521,
          "P95": 11.927452,
          "P99": 14.788033,
          "P999": 27.731574,
          "Mean": 3.292374,
          "Min": 0.028125,
          "Max": 41.50725,
          "Count": 2808
        },
        "read": {
          "P50": 0.205833,
          "P95": 11.563514,
          "P99": 12.498756,
          "P999": 18.879249,
          "Mean": 2.08478,
          "Min": 0.020542,
          "Max": 31.059292,
          "Count": 11080
        },
        "update": {
          "P50": 7.983125,
          "P95": 16.001749,
          "P99": 20.922375,
          "P999": 33.489741,
          "Mean": 7.869497,
          "Min": 0.037459,
          "Max": 60.230375,
          "Count": 5601
        }
      },
      "WALGrowth": {
        "InitialSizeBytes": 12722374,
        "FinalSizeBytes": 20525436,
        "MaxSizeBytes": 20525436,
        "GrowthRateBytesPerSec": 65025.125183442375,
        "SampleCount": 121,
        "DurationSeconds": 120.000722459
      },
      "Healing": {
        "TotalHealings": 0,
        "TotalDocumentsHealed": 0,
        "HealingTimeSeconds": 0,
        "OverheadPercent": 0,
        "EventCount": 0,
        "InitialStats": {
          "TotalScans": 0,
          "DocumentsHealed": 0,
          "DocumentsCorrupted": 0,
          "OnDemandHealings": 0,
          "BackgroundHealings": 0,
          "LastScanTime": "0001-01-01T00:00:00Z",
          "LastHealingTime": "0001-01-01T00:00:00Z"
        },
        "FinalStats": {
          "TotalScans": 0,
          "DocumentsHealed": 0,
          "DocumentsCorrupted": 0,
          "OnDemandHealings": 0,
          "BackgroundHealings": 0,
          "LastScanTime": "0001-01-01T00:00:00Z",
          "LastHealingTime": "0001-01-01T00:00:00Z"
        }
      },
      "OperationCounts": {
        "create": 8388,
        "delete": 2808,
        "read": 11080,
        "update": 5601
      },
      "TotalOperations": 27877
    },
    "db3": {
      "Name": "db3",
      "Latency": {
        "create": {
          "P50": 3.776291,
          "P95": 15.582908,
          "P99": 19.601628,
          "P999": 33.372914,
          "Mean": 5.134833,
          "Min": 0.034875,
          "Max": 43.022916,
          "Count": 8310
        },
        "delete": {
          "P50": 0.226395,
          "P95": 11.953295,
          "P99": 14.935303,
          "P999": 20.339239,
          "Mean": 3.331219,
          "Min": 0.023542,
          "Max": 26.9285,
          "Count": 2822
        },
        "read": {
          "P50": 0.201667,
          "P95": 11.658774,
          "P99": 12.639882,
          "P999": 22.75593,
          "Mean": 2.115166,
          "Min": 0.021542,
          "Max": 60.3465,
          "Count": 11257
        },
        "update": {
          "P50": 7.974334,
          "P95": 16.02905,
          "P99": 20.452773,
          "P999": 30.268652,
          "Mean": 7.946664,
          "Min": 0.041042,
          "Max": 39.40175,
          "Count": 5543
        }
      },
      "WALGrowth": {
        "InitialSizeBytes": 13217234,
        "FinalSizeBytes": 20918780,
        "MaxSizeBytes": 20918780,
        "GrowthRateBytesPerSec": 64179.1602453081,
        "SampleCount": 121,
        "DurationSeconds": 120.00072875
      },
      "Healing": {
        "TotalHealings": 0,
        "TotalDocumentsHealed": 0,
        "HealingTimeSeconds": 0,
        "OverheadPercent": 0,
        "EventCount": 0,
        "InitialStats": {
          "TotalScans": 0,
          "DocumentsHealed": 0,
          "DocumentsCorrupted": 0,
          "OnDemandHealings": 0,
          "BackgroundHealings": 0,
          "LastScanTime": "0001-01-01T00:00:00Z",
          "LastHealingTime": "0001-01-01T00:00:00Z"
        },
        "FinalStats": {
          "TotalScans": 0,
          "DocumentsHealed": 0,
          "DocumentsCorrupted": 0,
          "OnDemandHealings": 0,
          "BackgroundHealings": 0,
          "LastScanTime": "0001-01-01T00:00:00Z",
          "LastHealingTime": "0001-01-01T00:00:00Z"
        }
      },
      "OperationCounts": {
        "create": 8310,
        "delete": 2822,
        "read": 11257,