{
  "TestConfig": {
    "Duration": 60000000000,
    "Workers": 10,
    "Operations": 0,
    "ReadPercent": 40,
    "WritePercent": 30,
    "UpdatePercent": 20,
    "DeletePercent": 10,
    "DocumentSize": 1024,
    "DocumentCount": 10000,
    "MetricsInterval": 1000000000,
    "SocketPath": "/tmp/docdb.sock",
    "DBName": "loadtest",
    "WALDir": "./docdb/data/wal",
    "OutputPath": "matrix_results/json/3db_1conn_1w.json",
    "OutputDir": "./matrix_results",
    "CSVOutput": true,
    "Seed": 1769698381755281000,
    "Databases": [
      {
        "Name": "db1",
        "Workers": 1,
        "DocumentSize": 1024,
        "DocumentCount": 10000,
        "CRUDPercent": null,
        "WALDir": "./docdb/data/wal"
      },
      {
        "Name": "db2",
        "Workers": 1,
        "DocumentSize": 1024,
        "DocumentCount": 10000,
        "CRUDPercent": null,
        "WALDir": "./docdb/data/wal"
      },
      {
        "Name": "db3",
        "Workers": 1,
        "DocumentSize": 1024,
        "DocumentCount": 10000,
        "CRUDPercent": null,
        "WALDir": "./docdb/data/wal"
      }
    ],
    "WorkloadProfile": null,
    "PerDatabaseCRUD": false,
    "ConnectionsPerDB": 1
  },
  "DurationSeconds": 60.000744916,
  "TotalOperations": 30014,
  "Databases": {
    "db1": {
      "Name": "db1",
      "Latency": {
        "create": {
          "P50": 4.012146,
          "P95": 15.897861,
          "P99": 20.018563,
          "P999": 27.506327,
          "Mean": 5.7052,
          "Min": 0.042667,
          "Max": 35.542333,
          "Count": 3234
        },
        "delete": {
          "P50": 3.753375,
          "P95": 12.005937,
          "P99": 15.982696,
          "P999": 25.287585,
          "Mean": 4.652618,
          "Min": 0.035084,
          "Max": 28.005917,
          "Count": 1071
        },
        "read": {
          "P50": 0.323208,
          "P95": 12.019916,
          "P99": 15.97208,
          "P999": 20.11321,
          "Mean": 3.440575,
          "Min": 0.032167,
          "Max": 24.664291,
          "Count": 4357
        },
        "update": {
          "P50": 11.148084,
          "P95": 19.421575,
          "P99": 23.9409,
          "P999": 33.386791,
          "Mean": 10.293285,
          "Min": 0.051958,
          "Max": 42.087792,
          "Count": 2093
        }
      },
      "WALGrowth": {
        "InitialSizeBytes": 60598510,
        "FinalSizeBytes": 63350052,
        "MaxSizeBytes": 63350052,
        "GrowthRateBytesPerSec": 45853.32389371693,
        "SampleCount": 62,
        "DurationSeconds": 60.007470917
      },
      "Healing": {
        "TotalHealings": 0,
        "TotalDocumentsHealed": 0,
        "HealingTimeSeconds": 0,
        "OverheadPercent": 0,
        "EventCount": 0,
        "InitialStats": {
          "TotalScans": 0,
          "DocumentsHealed": 0,
          "DocumentsCorrupted": 0,
          "OnDemandHealings": 0,
          "BackgroundHealings": 0,
          "LastScanTime": "0001-01-01T00:00:00Z",
          "LastHealingTime": "0001-01-01T00:00:00Z"
        },
        "FinalStats": {
          "TotalScans": 0,
          "DocumentsHealed": 0,
          "DocumentsCorrupted": 0,
          "OnDemandHealings": 0,
          "BackgroundHealings": 0,
          "LastScanTime": "0001-01-01T00:00:00Z",
          "LastHealingTime": "0001-01-01T00:00:00Z"
        }
      },
      "OperationCounts": {
        "create": 3234,
        "delete": 1071,
        "read": 4357,
        "update": 2093
      },
      "TotalOperations": 10755
    },
    "db2": {
      "Name": "db2",
      "Latency": {
        "create": {
          "P50": 7.428417,
          "P95": 19.993583,
          "P99": 29.010356,
          "P999": 42.560856,
          "Mean": 7.417755,
          "Min": 0.044792,
          "Max": 55.810083,
          "Count": 2816
        },
        "delete": {
          "P50": 3.66925,
          "P95": 16.039687,
          "P99": 26.332363,
          "P999": 33.566721,
          "Mean": 5.386696,
          "Min": 0.026,
          "Max": 34.122333,
          "Count": 920
        },
        "read": {
          "P50": 0.354709,
          "P95": 15.976062,
          "P99": 25.516321,
          "P999": 40.093939,
          "Mean": 4.565438,
          "Min": 0.03325,
          "Max": 44.835042,
          "Count": 3631
        },
        "update": {
          "P50": 10.838687,
          "P95": 22.974985,
          "P99": 31.988319,
          "P999": 40.257772,
          "Mean": 10.016228,
          "Min": 0.050084,
          "Max": 41.858709,
          "Count": 1752
        }
      },
      "WALGrowth": {
        "InitialSizeBytes": 11321422,
        "FinalSizeBytes": 13811910,
        "MaxSizeBytes": 13811910,
        "GrowthRateBytesPerSec": 41503.18203207741,
        "SampleCount": 62,
        "DurationSeconds": 60.007157959
      },
      "Healing": {
        "TotalHealings": 0,
        "TotalDocumentsHealed": 0,
        "HealingTimeSeconds": 0,
        "OverheadPercent": 0,
        "EventCount": 0,
        "InitialStats": {
          "TotalScans": 0,
          "DocumentsHealed": 0,
          "DocumentsCorrupted": 0,
          "OnDemandHealings": 0,
          "BackgroundHealings": 0,
          "LastScanTime": "0001-01-01T00:00:00Z",
          "LastHealingTime": "0001-01-01T00:00:00Z"
        },
        "FinalStats": {
          "TotalScans": 0,
          "DocumentsHealed": 0,
          "DocumentsCorrupted": 0,
          "OnDemandHealings": 0,
          "BackgroundHealings": 0,
          "LastScanTime": "0001-01-01T00:00:00Z",
          "LastHealingTime": "0001-01-01T00:00:00Z"
        }
      },
      "OperationCounts": {
        "create": 2816,
        "delete": 920,
        "read": 3631,
        "update": 1752
      },
      "TotalOperations": 9119
    },
    "db3": {
      "Name": "db3",
      "Latency": {
        "create": {
          "P50": 7.094125,
          "P95": 18.704341,
          "P99": 24.04307,
          "P999": 32.998236,
          "Mean": 7.015657,
          "Min": 0.046167,
          "Max": 36.872125,
          "Count": 3067
        },
        "delete": {
          "P50": 3.256416,
          "P95": 14.653541,
          "P99": 16.756207,
          "P999": 27.138469,
          "Mean": 4.521979,
          "Min": 0.032541,
          "Max": 29.2325,
          "Count": 1023
        },
        "read": {
          "P50": 0.327208,
          "P95": 14.280157,
          "P99": 19.367174,
          "P999": 30.097635,
          "Mean": 3.819958,
          "Min": 0.026833,
          "Max": 46.81,
          "Count": 4082
        },
        "update": {
          "P50": 10.128895,
          "P95": 19.776618,
          "P99": 24.821507,
          "P999": 32.72726,
          "Mean": 9.264113,
          "Min": 0.045333,
          "Max": 35.448291,
          "Count": 1968
        }
      },
      "WALGrowth": {
        "InitialSizeBytes": 10322406,
        "FinalSizeBytes": 13059182,
        "MaxSizeBytes": 13059182,
        "GrowthRateBytesPerSec": 45607.37414332167,
        "SampleCount": 62,
        "DurationSeconds": 60.007313541
      },
      "Healing": {
        "TotalHealings": 0,
        "TotalDocumentsHealed": 0,
        "HealingTimeSeconds": 0,
        "OverheadPercent": 0,
        "EventCount": 0,
        "InitialStats": {
          "TotalScans": 0,
          "DocumentsHealed": 0,
          "DocumentsCorrupted": 0,
          "OnDemandHealings": 0,
          "BackgroundHealings": 0,
          "LastScanTime": "0001-01-01T00:00:00Z",
          "LastHealingTime": "0001-01-01T00:00:00Z"
        },
        "FinalStats": {
          "TotalScans": 0,
          "DocumentsHealed": 0,
          "DocumentsCorrupted": 0,
          "OnDemandHealings": 0,
          "BackgroundHealings": 0,
          "LastScanTime": "0001-01-01T00:00:00Z",
          "LastHealingTime": "0001-01-01T00:00:00Z"
        }
      },
      "OperationCounts": {
        "create": 3067,
        "delete": 1023,
        "read": 4082,