{
  "TestConfig": {
    "Duration": 120000000000,
    "Workers": 10,
    "Operations": 0,
    "ReadPercent": 40,
    "WritePercent": 30,
    "UpdatePercent": 20,
    "DeletePercent": 10,
    "DocumentSize": 1024,
    "DocumentCount": 10000,
    "MetricsInterval": 1000000000,
    "SocketPath": "/tmp/docdb.sock",
    "DBName": "loadtest",
    "WALDir": "./docdb/data/wal",
    "OutputPath": "./matrix_results/3db_20conn_5w.json",
    "CSVOutput": true,
    "Seed": 1769671845025128000,
    "Databases": [
      {
        "Name": "db1",
        "Workers": 5,
        "DocumentSize": 1024,
        "DocumentCount": 10000,
        "CRUDPercent": null,
        "WALDir": "./docdb/data/wal"
      },
      {
        "Name": "db2",
        "Workers": 5,
        "DocumentSize": 1024,
        "DocumentCount": 10000,
        "CRUDPercent": null,
        "WALDir": "./docdb/data/wal"
      },
      {
        "Name": "db3",
        "Workers": 5,
        "DocumentSize": 1024,
        "DocumentCount": 10000,
        "CRUDPercent": null,
        "WALDir": "./docdb/data/wal"
      }
    ],
    "WorkloadProfile": null,
    "PerDatabaseCRUD": false,
    "ConnectionsPerDB": 20
  },
  "DurationSeconds": 120.000382167,
  "TotalOperations": 2309146,
  "Databases": {
    "db1": {
      "Name": "db1",
      "Latency": {
        "create": {
          "P50": 0.163542,
          "P95": 4.230583,
          "P99": 5.37647,
          "P999": 8.392744,
          "Mean": 0.849337,
          "Min": 0.044041,
          "Max": 463.007875,
          "Count": 231037
        },
        "delete": {
          "P50": 0.12725,
          "P95": 4.112862,
          "P99": 5.312022,
          "P999": 8.695499,
          "Mean": 0.704919,
          "Min": 0.018375,
          "Max": 225.776209,
          "Count": 76964
        },
        "read": {
          "P50": 0.128,
          "P95": 4.122666,
          "P99": 5.284241,
          "P999": 8.551283,
          "Mean": 0.708017,
          "Min": 0.016667,
          "Max": 480.962417,
          "Count": 308161
        },
        "update": {
          "P50": 0.163917,
          "P95": 4.244208,
          "P99": 5.463555,
          "P999": 8.594499,
          "Mean": 0.848377,
          "Min": 0.044959,
          "Max": 237.77025,
          "Count": 153812
        }
      },
      "WALGrowth": {
        "InitialSizeBytes": 233497786,
        "FinalSizeBytes": 233497786,
        "MaxSizeBytes": 233497786,
        "GrowthRateBytesPerSec": 0,
        "SampleCount": 122,
        "DurationSeconds": 120.001022917
      },
      "Healing": {
        "TotalHealings": 0,
        "TotalDocumentsHealed": 0,
        "HealingTimeSeconds": 0,
        "OverheadPercent": 0,
        "EventCount": 0,
        "InitialStats": {
          "TotalScans": 0,
          "DocumentsHealed": 0,
          "DocumentsCorrupted": 0,
          "OnDemandHealings": 0,
          "BackgroundHealings": 0,
          "LastScanTime": "0001-01-01T00:00:00Z",
          "LastHealingTime": "0001-01-01T00:00:00Z"
        },
        "FinalStats": {
          "TotalScans": 0,
          "DocumentsHealed": 0,
          "DocumentsCorrupted": 0,
          "OnDemandHealings": 0,
          "BackgroundHealings": 0,
          "LastScanTime": "0001-01-01T00:00:00Z",
          "LastHealingTime": "0001-01-01T00:00:00Z"
        }
      },
      "OperationCounts": {
        "create": 231037,
        "delete": 76964,
        "read": 308161,
        "update": 153812
      },
      "TotalOperations": 769974
    },
    "db2": {
      "Name": "db2",
      "Latency": {
        "create": {
          "P50": 0.164042,
          "P95": 4.228834,
          "P99": 5.362892,
          "P999": 8.784835,
          "Mean": 0.848024,
          "Min": 0.043792,
          "Max": 427.732459,
          "Count": 230981
        },
        "delete": {
          "P50": 0.129083,
          "P95": 4.158302,
          "P99": 5.319808,
          "P999": 8.530865,
          "Mean": 0.710403,
          "Min": 0.017542,
          "Max": 100.0955,
          "Count": 76566
        },
        "read": {
          "P50": 0.127916,
          "P95": 4.138487,
          "P99": 5.285434,
          "P999": 8.312755,
          "Mean": 0.710863,
          "Min": 0.016459,
          "Max": 512.58875,
          "Count": 308014
        },
        "update": {
          "P50": 0.163333,
          "P95": 4.225164,
          "P99": 5.402311,
          "P999": 8.605802,
          "Mean": 0.842343,
          "Min": 0.044083,
          "Max": 462.19675,
          "Count": 154282
        }
      },
      "WALGrowth": {
        "InitialSizeBytes": 160159772,
        "FinalSizeBytes": 160159772,
        "MaxSizeBytes": 160159772,
        "GrowthRateBytesPerSec": 0,
        "SampleCount": 122,
        "DurationSeconds": 120.00102225
      },
      "Healing": {
        "TotalHealings": 0,
        "TotalDocumentsHealed": 0,
        "HealingTimeSeconds": 0,
        "OverheadPercent": 0,
        "EventCount": 0,
        "InitialStats": {
          "TotalScans": 0,
          "DocumentsHealed": 0,
          "DocumentsCorrupted": 0,
          "OnDemandHealings": 0,
          "BackgroundHealings": 0,
          "LastScanTime": "0001-01-01T00:00:00Z",
          "LastHealingTime": "0001-01-01T00:00:00Z"
        },
        "FinalStats": {
          "TotalScans": 0,
          "DocumentsHealed": 0,
          "DocumentsCorrupted": 0,
          "OnDemandHealings": 0,
          "BackgroundHealings": 0,
          "LastScanTime": "0001-01-01T00:00:00Z",
          "LastHealingTime": "0001-01-01T00:00:00Z"
        }
      },
      "OperationCounts": {
        "create": 230981,
        "delete": 76566,
        "read": 308014,
        "update": 154282
      },
      "TotalOperations": 769843
    },
    "db3": {
      "Name": "db3",
      "Latency": {
        "create": {
          "P50": 0.164166,
          "P95": 4.230991,
          "P99": 5.378429,
          "P999": 8.597984,
          "Mean": 0.843647,
          "Min": 0.042333,
          "Max": 345.460625,
          "Count": 230742
        },
        "delete": {
          "P50": 0.128292,
          "P95": 4.135041,
          "P99": 5.300783,
          "P999": 8.80618,
          "Mean": 0.708978,
          "Min": 0.016,
          "Max": 126.185708,
          "Count": 77161
        },
        "read": {
          "P50": 0.128459,
          "P95": 4.129666,
          "P99": 5.255589,
          "P999": 8.351195,
          "Mean": 0.709719,
          "Min": 0.016875,
          "Max": 420.86325,
          "Count": 306978
        },
        "update": {
          "P50": 0.163708,
          "P95": 4.23142,
          "P99": 5.385111,
          "P999": 9.120571,
          "Mean": 0.854292,
          "Min": 0.038291,
          "Max": 411.605292,
          "Count": 154460
        }
      },
      "WALGrowth": {
        "InitialSizeBytes": 160877522,
        "FinalSizeBytes": 160877522,
        "MaxSizeBytes": 160877522,
        "GrowthRateBytesPerSec": 0,
        "SampleCount": 122,
        "DurationSeconds": 120.001013125
      },
      "Healing": {
        "TotalHealings": 0,
        "TotalDocumentsHealed": 0,
        "HealingTimeSeconds": 0,
        "OverheadPercent": 0,
        "EventCount": 0,
        "InitialStats": {
          "TotalScans": 0,
          "DocumentsHealed": 0,
          "DocumentsCorrupted": 0,
          "OnDemandHealings": 0,
          "BackgroundHealings": 0,
          "LastScanTime": "0001-01-01T00:00:00Z",
          "LastHealingTime": "0001-01-01T00:00:00Z"
        },
        "FinalStats": {
          "TotalScans": 0,
          "DocumentsHealed": 0,
          "DocumentsCorrupted": 0,
          "OnDemandHealings": 0,
          "BackgroundHealings": 0,
          "LastScanTime": "0001-01-01T00:00:00Z",
          "LastHealingTime": "0001-01-01T00:00:00Z"
        }
      },
      "OperationCounts": {
        "create": 230742,
        "delete": 77161,
        "read": 306978,
        "update": 154460
      },