{
  "TestConfig": {
    "Duration": 120000000000,
    "Workers": 10,
    "Operations": 0,
    "ReadPercent": 40,
    "WritePercent": 30,
    "UpdatePercent": 20,
    "DeletePercent": 10,
    "DocumentSize": 1024,
    "DocumentCount": 10000,
    "MetricsInterval": 1000000000,
    "SocketPath": "/tmp/docdb.sock",
    "DBName": "loadtest",
    "WALDir": "./docdb/data/wal",
    "OutputPath": "./matrix_results/3db_1conn_10w.json",
    "CSVOutput": true,
    "Seed": 1769670352040105000,
    "Databases": [
      {
        "Name": "db1",
        "Workers": 10,
        "DocumentSize": 1024,
        "DocumentCount": 10000,
        "CRUDPercent": null,
        "WALDir": "./docdb/data/wal"
      },
      {
        "Name": "db2",
        "Workers": 10,
        "DocumentSize": 1024,
        "DocumentCount": 10000,
        "CRUDPercent": null,
        "WALDir": "./docdb/data/wal"
      },
      {
        "Name": "db3",
        "Workers": 10,
        "DocumentSize": 1024,
        "DocumentCount": 10000,
        "CRUDPercent": null,
        "WALDir": "./docdb/data/wal"
      }
    ],
    "WorkloadProfile": null,
    "PerDatabaseCRUD": false,
    "ConnectionsPerDB": 1
  },
  "DurationSeconds": 120.005933334,
  "TotalOperations": 830428,
  "Databases": {
    "db1": {
      "Name": "db1",
      "Latency": {
        "create": {
          "P50": 0.239917,
          "P95": 4.785917,
          "P99": 10.885916,
          "P999": 30.490249,
          "Mean": 1.605652,
          "Min": 0.0355,
          "Max": 250.075125,
          "Count": 229751
        },
        "delete": {
          "P50": 0.2065,
          "P95": 4.691995,
          "P99": 10.725656,
          "P999": 21.716875,
          "Mean": 1.521494,
          "Min": 0.018375,
          "Max": 201.742708,
          "Count": 75883
        },
        "read": {
          "P50": 0.206792,
          "P95": 4.697796,
          "P99": 10.69525,
          "P999": 22.735785,
          "Mean": 1.52658,
          "Min": 0.015875,
          "Max": 250.302709,
          "Count": 306359
        },
        "update": {
          "P50": 0.242792,
          "P95": 4.78501,
          "P99": 10.942432,
          "P999": 25.288243,
          "Mean": 1.610693,
          "Min": 0.039625,
          "Max": 201.19425,
          "Count": 153456
        }
      },
      "WALGrowth": {
        "InitialSizeBytes": 233497786,
        "FinalSizeBytes": 233497786,
        "MaxSizeBytes": 233497786,
        "GrowthRateBytesPerSec": 0,
        "SampleCount": 122,
        "DurationSeconds": 120.019954458
      },
      "Healing": {
        "TotalHealings": 0,
        "TotalDocumentsHealed": 0,
        "HealingTimeSeconds": 0,
        "OverheadPercent": 0,
        "EventCount": 0,
        "InitialStats": {
          "TotalScans": 0,
          "DocumentsHealed": 0,
          "DocumentsCorrupted": 0,
          "OnDemandHealings": 0,
          "BackgroundHealings": 0,
          "LastScanTime": "0001-01-01T00:00:00Z",
          "LastHealingTime": "0001-01-01T00:00:00Z"
        },
        "FinalStats": {
          "TotalScans": 0,
          "DocumentsHealed": 0,
          "DocumentsCorrupted": 0,
          "OnDemandHealings": 0,
          "BackgroundHealings": 0,
          "LastScanTime": "0001-01-01T00:00:00Z",
          "LastHealingTime": "0001-01-01T00:00:00Z"
        }
      },
      "OperationCounts": {
        "create": 229751,
        "delete": 75883,
        "read": 306359,
        "update": 153456
      },
      "TotalOperations": 765449
    },
    "db2": {
      "Name": "db2",
      "Latency": {
        "create": {
          "P50": 37.720375,
          "P95": 83.190221,
          "P99": 106.945724,
          "P999": 669.263021,
          "Mean": 37.989135,
          "Min": 0.049167,
          "Max": 965.536459,
          "Count": 9499
        },
        "delete": {
          "P50": 35.818541,
          "P95": 80.22856,
          "P99": 101.824873,
          "P999": 700.610452,
          "Mean": 35.619884,
          "Min": 0.025417,
          "Max": 916.615333,
          "Count": 3322
        },
        "read": {
          "P50": 33.086708,
          "P95": 78.003832,
          "P99": 102.456357,
          "P999": 621.250034,
          "Mean": 33.41079,
          "Min": 0.019417,
          "Max": 897.728166,
          "Count": 12960
        },
        "update": {
          "P50": 43.338083,
          "P95": 89.89622,
          "P99": 120.906361,
          "P999": 785.77939,
          "Mean": 45.421532,
          "Min": 0.041958,
          "Max": 949.223375,
          "Count": 6339
        }
      },
      "WALGrowth": {
        "InitialSizeBytes": 118626916,
        "FinalSizeBytes": 126957074,
        "MaxSizeBytes": 126957074,
        "GrowthRateBytesPerSec": 69406.23721897579,
        "SampleCount": 122,
        "DurationSeconds": 120.020308459
      },
      "Healing": {
        "TotalHealings": 0,
        "TotalDocumentsHealed": 0,
        "HealingTimeSeconds": 0,
        "OverheadPercent": 0,
        "EventCount": 0,
        "InitialStats": {
          "TotalScans": 0,
          "DocumentsHealed": 0,
          "DocumentsCorrupted": 0,
          "OnDemandHealings": 0,
          "BackgroundHealings": 0,
          "LastScanTime": "0001-01-01T00:00:00Z",
          "LastHealingTime": "0001-01-01T00:00:00Z"
        },
        "FinalStats": {
          "TotalScans": 0,
          "DocumentsHealed": 0,
          "DocumentsCorrupted": 0,
          "OnDemandHealings": 0,
          "BackgroundHealings": 0,
          "LastScanTime": "0001-01-01T00:00:00Z",
          "LastHealingTime": "0001-01-01T00:00:00Z"
        }
      },
      "OperationCounts": {
        "create": 9499,
        "delete": 3322,
        "read": 12960,
        "update": 6339
      },
      "TotalOperations": 32120
    },
    "db3": {
      "Name": "db3",
      "Latency": {
        "create": {
          "P50": 36.482667,
          "P95": 83.594975,
          "P99": 113.195484,
          "P999": 630.161407,
          "Mean": 37.06532,
          "Min": 0.04475,
          "Max": 972.09075,
          "Count": 9765
        },
        "delete": {
          "P50": 34.899,
          "P95": 80.313544,
          "P99": 102.738622,
          "P999": 689.333294,
          "Mean": 34.595243,
          "Min": 0.022833,
          "Max": 805.814208,
          "Count": 3268
        },
        "read": {
          "P50": 31.672167,
          "P95": 78.11282,
          "P99": 103.503135,
          "P999": 659.853215,
          "Mean": 32.437894,
          "Min": 0.025459,
          "Max": 939.864083,
          "Count": 13327
        },
        "update": {
          "P50": 43.887583,
          "P95": 91.258427,
          "P99": 125.151393,
          "P999": 723.29706,
          "Mean": 44.954338,
          "Min": 0.0485,
          "Max": 939.7815,
          "Count": 6516
        }
      },
      "WALGrowth": {
        "InitialSizeBytes": 119211992,
        "FinalSizeBytes": 127672688,
        "MaxSizeBytes": 127672688,
        "GrowthRateBytesPerSec": 70493.85547706932,
        "SampleCount": 122,
        "DurationSeconds": 120.020332875
      },
      "Healing": {
        "TotalHealings": 0,
        "TotalDocumentsHealed": 0,
        "HealingTimeSeconds": 0,
        "OverheadPercent": 0,
        "EventCount": 0,
        "InitialStats": {
          "TotalScans": 0,
          "DocumentsHealed": 0,
          "DocumentsCorrupted": 0,
          "OnDemandHealings": 0,
          "BackgroundHealings": 0,
          "LastScanTime": "0001-01-01T00:00:00Z",
          "LastHealingTime": "0001-01-01T00:00:00Z"
        },
        "FinalStats": {
          "TotalScans": 0,
          "DocumentsHealed": 0,
          "DocumentsCorrupted": 0,
          "OnDemandHealings": 0,
          "BackgroundHealings": 0,
          "LastScanTime": "0001-01-01T00:00:00Z",
          "LastHealingTime": "0001-01-01T00:00:00Z"
        }
      },
      "OperationCounts": {
        "create": 9765,
        "delete": 3268,