{
  "TestConfig": {
    "Duration": 120000000000,
    "Workers": 10,
    "Operations": 0,
    "ReadPercent": 40,
    "WritePercent": 30,
    "UpdatePercent": 20,
    "DeletePercent": 10,
    "DocumentSize": 1024,
    "DocumentCount": 10000,
    "MetricsInterval": 1000000000,
    "SocketPath": "/tmp/docdb.sock",
    "DBName": "loadtest",
    "WALDir": "./docdb/data/wal",
    "OutputPath": "./matrix_results/3db_5conn_2w.json",
    "CSVOutput": true,
    "Seed": 1769670621680722000,
    "Databases": [
      {
        "Name": "db1",
        "Workers": 2,
        "DocumentSize": 1024,
        "DocumentCount": 10000,
        "CRUDPercent": null,
        "WALDir": "./docdb/data/wal"
      },
      {
        "Name": "db2",
        "Workers": 2,
        "DocumentSize": 1024,
        "DocumentCount": 10000,
        "CRUDPercent": null,
        "WALDir": "./docdb/data/wal"
      },
      {
        "Name": "db3",
        "Workers": 2,
        "DocumentSize": 1024,
        "DocumentCount": 10000,
        "CRUDPercent": null,
        "WALDir": "./docdb/data/wal"
      }
    ],
    "WorkloadProfile": null,
    "PerDatabaseCRUD": false,
    "ConnectionsPerDB": 5
  },
  "DurationSeconds": 120.000829375,
  "TotalOperations": 828502,
  "Databases": {
    "db1": {
      "Name": "db1",
      "Latency": {
        "create": {
          "P50": 0.139375,
          "P95": 1.389792,
          "P99": 2.08845,
          "P999": 9.646212,
          "Mean": 0.343872,
          "Min": 0.039958,
          "Max": 136.931084,
          "Count": 229182
        },
        "delete": {
          "P50": 0.105708,
          "P95": 1.332987,
          "P99": 1.70729,
          "P999": 8.534685,
          "Mean": 0.280902,
          "Min": 0.018959,
          "Max": 68.883875,
          "Count": 76474
        },
        "read": {
          "P50": 0.105958,
          "P95": 1.330542,
          "P99": 1.684499,
          "P999": 8.483135,
          "Mean": 0.281391,
          "Min": 0.015292,
          "Max": 117.207416,
          "Count": 305802
        },
        "update": {
          "P50": 0.139625,
          "P95": 1.389291,
          "P99": 2.062774,
          "P999": 9.726047,
          "Mean": 0.34448,
          "Min": 0.039875,
          "Max": 137.534208,
          "Count": 153661
        }
      },
      "WALGrowth": {
        "InitialSizeBytes": 233497786,
        "FinalSizeBytes": 233497786,
        "MaxSizeBytes": 233497786,
        "GrowthRateBytesPerSec": 0,
        "SampleCount": 122,
        "DurationSeconds": 120.010649208
      },
      "Healing": {
        "TotalHealings": 0,
        "TotalDocumentsHealed": 0,
        "HealingTimeSeconds": 0,
        "OverheadPercent": 0,
        "EventCount": 0,
        "InitialStats": {
          "TotalScans": 0,
          "DocumentsHealed": 0,
          "DocumentsCorrupted": 0,
          "OnDemandHealings": 0,
          "BackgroundHealings": 0,
          "LastScanTime": "0001-01-01T00:00:00Z",
          "LastHealingTime": "0001-01-01T00:00:00Z"
        },
        "FinalStats": {
          "TotalScans": 0,
          "DocumentsHealed": 0,
          "DocumentsCorrupted": 0,
          "OnDemandHealings": 0,
          "BackgroundHealings": 0,
          "LastScanTime": "0001-01-01T00:00:00Z",
          "LastHealingTime": "0001-01-01T00:00:00Z"
        }
      },
      "OperationCounts": {
        "create": 229182,
        "delete": 76474,
        "read": 305802,
        "update": 153661
      },
      "TotalOperations": 765119
    },
    "db2": {
      "Name": "db2",
      "Latency": {
        "create": {
          "P50": 0.2855,
          "P95": 28.91195,
          "P99": 44.56325,
          "P999": 189.788216,
          "Mean": 7.850809,
          "Min": 0.032292,
          "Max": 309.148542,
          "Count": 9483
        },
        "delete": {
          "P50": 0.346479,
          "P95": 25.482833,
          "P99": 38.508361,
          "P999": 119.865049,
          "Mean": 6.610628,
          "Min": 0.018667,
          "Max": 267.515042,
          "Count": 3164
        },
        "read": {
          "P50": 0.259229,
          "P95": 20.223342,
          "P99": 31.360079,
          "P999": 114.721,
          "Mean": 3.944016,
          "Min": 0.019292,
          "Max": 305.39425,
          "Count": 12464
        },
        "update": {
          "P50": 13.903791,
          "P95": 36.74477,
          "P99": 69.188432,
          "P999": 221.345588,
          "Mean": 15.367585,
          "Min": 0.051,
          "Max": 279.753792,
          "Count": 6211
        }
      },
      "WALGrowth": {
        "InitialSizeBytes": 135060664,
        "FinalSizeBytes": 143179676,
        "MaxSizeBytes": 143179676,
        "GrowthRateBytesPerSec": 67652.45583971041,
        "SampleCount": 122,
        "DurationSeconds": 120.010602708
      },
      "Healing": {
        "TotalHealings": 0,
        "TotalDocumentsHealed": 0,
        "HealingTimeSeconds": 0,
        "OverheadPercent": 0,
        "EventCount": 0,
        "InitialStats": {
          "TotalScans": 0,
          "DocumentsHealed": 0,
          "DocumentsCorrupted": 0,
          "OnDemandHealings": 0,
          "BackgroundHealings": 0,
          "LastScanTime": "0001-01-01T00:00:00Z",
          "LastHealingTime": "0001-01-01T00:00:00Z"
        },
        "FinalStats": {
          "TotalScans": 0,
          "DocumentsHealed": 0,
          "DocumentsCorrupted": 0,
          "OnDemandHealings": 0,
          "BackgroundHealings": 0,
          "LastScanTime": "0001-01-01T00:00:00Z",
          "LastHealingTime": "0001-01-01T00:00:00Z"
        }
      },
      "OperationCounts": {
        "create": 9483,
        "delete": 3164,
        "read": 12464,
        "update": 6211
      },
      "TotalOperations": 31322
    },
    "db3": {
      "Name": "db3",
      "Latency": {
        "create": {
          "P50": 0.270041,
          "P95": 29.008748,
          "P99": 45.156417,
          "P999": 196.251682,
          "Mean": 7.954247,
          "Min": 0.04375,
          "Max": 420.768875,
          "Count": 9602
        },
        "delete": {
          "P50": 0.255645,
          "P95": 24.725157,
          "P99": 37.553087,
          "P999": 138.581819,
          "Mean": 6.272896,
          "Min": 0.0225,
          "Max": 248.993584,
          "Count": 3220
        },
        "read": {
          "P50": 0.21102,
          "P95": 19.177888,
          "P99": 31.235057,
          "P999": 139.379312,
          "Mean": 3.745319,
          "Min": 0.022083,
          "Max": 294.181041,
          "Count": 12822
        },
        "update": {
          "P50": 13.686167,
          "P95": 35.065674,
          "P99": 61.919642,
          "P999": 178.784138,
          "Mean": 14.847711,
          "Min": 0.045416,
          "Max": 237.537083,
          "Count": 6423
        }
      },
      "WALGrowth": {
        "InitialSizeBytes": 135861018,
        "FinalSizeBytes": 144139522,
        "MaxSizeBytes": 144139522,
        "GrowthRateBytesPerSec": 68981.41295746868,
        "SampleCount": 122,
        "DurationSeconds": 120.010647
      },
      "Healing": {
        "TotalHealings": 0,
        "TotalDocumentsHealed": 0,
        "HealingTimeSeconds": 0,
        "OverheadPercent": 0,
        "EventCount": 0,
        "InitialStats": {
          "TotalScans": 0,
          "DocumentsHealed": 0,
          "DocumentsCorrupted": 0,
          "OnDemandHealings": 0,
          "BackgroundHealings": 0,
          "LastScanTime": "0001-01-01T00:00:00Z",
          "LastHealingTime": "0001-01-01T00:00:00Z"
        },
        "FinalStats": {
          "TotalScans": 0,
          "DocumentsHealed": 0,
          "DocumentsCorrupted": 0,
          "OnDemandHealings": 0,
          "BackgroundHealings": 0,
          "LastScanTime": "0001-01-01T00:00:00Z",
          "LastHealingTime": "0001-01-01T00:00:00Z"
        }
      },
      "OperationCounts": {
        "create": 9602,
        "delete": 3220,
        "read": 12822,