{
  "TestConfig": {
    "Duration": 60000000000,
    "Workers": 10,
    "Operations": 0,
    "ReadPercent": 40,
    "WritePercent": 30,
    "UpdatePercent": 20,
    "DeletePercent": 10,
    "DocumentSize": 1024,
    "DocumentCount": 10000,
    "MetricsInterval": 1000000000,
    "SocketPath": "/tmp/docdb.sock",
    "DBName": "loadtest",
    "WALDir": "./docdb/data/wal",
    "OutputPath": "matrix_results/json/3db_5conn_1w.json",
    "OutputDir": "./matrix_results",
    "CSVOutput": true,
    "Seed": 1769698442750275000,
    "Databases": [
      {
        "Name": "db1",
        "Workers": 1,
        "DocumentSize": 1024,
        "DocumentCount": 10000,
        "CRUDPercent": null,
        "WALDir": "./docdb/data/wal"
      },
      {
        "Name": "db2",
        "Workers": 1,
        "DocumentSize": 1024,
        "DocumentCount": 10000,
        "CRUDPercent": null,
        "WALDir": "./docdb/data/wal"
      },
      {
        "Name": "db3",
        "Workers": 1,
        "DocumentSize": 1024,
        "DocumentCount": 10000,
        "CRUDPercent": null,
        "WALDir": "./docdb/data/wal"
      }
    ],
    "WorkloadProfile": null,
    "PerDatabaseCRUD": false,
    "ConnectionsPerDB": 5
  },
  "DurationSeconds": 60.00085425,
  "TotalOperations": 28745,
  "Databases": {
    "db1": {
      "Name": "db1",
      "Latency": {
        "create": {
          "P50": 4.009312,
          "P95": 15.996054,
          "P99": 20.344874,
          "P999": 31.080427,
          "Mean": 5.868869,
          "Min": 0.038625,
          "Max": 51.419292,
          "Count": 3134
        },
        "delete": {
          "P50": 3.774563,
          "P95": 12.240812,
          "P99": 19.662804,
          "P999": 28.009083,
          "Mean": 4.801806,
          "Min": 0.02725,
          "Max": 28.306291,
          "Count": 1010
        },
        "read": {
          "P50": 0.372958,
          "P95": 12.14207,
          "P99": 16.241621,
          "P999": 25.279509,
          "Mean": 3.690158,
          "Min": 0.023792,
          "Max": 32.425708,
          "Count": 4123
        },
        "update": {
          "P50": 11.633292,
          "P95": 19.856816,
          "P99": 24.152545,
          "P999": 33.554908,
          "Mean": 10.213124,
          "Min": 0.047709,
          "Max": 39.518791,
          "Count": 2107
        }
      },
      "WALGrowth": {
        "InitialSizeBytes": 63351178,
        "FinalSizeBytes": 66083292,
        "MaxSizeBytes": 66083292,
        "GrowthRateBytesPerSec": 45527.81245849115,
        "SampleCount": 61,
        "DurationSeconds": 60.009779791
      },
      "Healing": {
        "TotalHealings": 0,
        "TotalDocumentsHealed": 0,
        "HealingTimeSeconds": 0,
        "OverheadPercent": 0,
        "EventCount": 0,
        "InitialStats": {
          "TotalScans": 0,
          "DocumentsHealed": 0,
          "DocumentsCorrupted": 0,
          "OnDemandHealings": 0,
          "BackgroundHealings": 0,
          "LastScanTime": "0001-01-01T00:00:00Z",
          "LastHealingTime": "0001-01-01T00:00:00Z"
        },
        "FinalStats": {
          "TotalScans": 0,
          "DocumentsHealed": 0,
          "DocumentsCorrupted": 0,
          "OnDemandHealings": 0,
          "BackgroundHealings": 0,
          "LastScanTime": "0001-01-01T00:00:00Z",
          "LastHealingTime": "0001-01-01T00:00:00Z"
        }
      },
      "OperationCounts": {
        "create": 3134,
        "delete": 1010,
        "read": 4123,
        "update": 2107
      },
      "TotalOperations": 10374
    },
    "db2": {
      "Name": "db2",
      "Latency": {
        "create": {
          "P50": 7.748458,
          "P95": 20.909707,
          "P99": 30.834408,
          "P999": 50.300587,
          "Mean": 7.680424,
          "Min": 0.046834,
          "Max": 63.429416,
          "Count": 2561
        },
        "delete": {
          "P50": 3.71902,
          "P95": 16.193537,
          "P99": 24.24224,
          "P999": 38.983869,
          "Mean": 5.684226,
          "Min": 0.033959,
          "Max": 39.748583,
          "Count": 842
        },
        "read": {
          "P50": 0.410708,
          "P95": 16.360118,
          "P99": 27.892098,
          "P999": 40.425297,
          "Mean": 4.742564,
          "Min": 0.032042,
          "Max": 54.028084,
          "Count": 3494
        },
        "update": {
          "P50": 11.650958,
          "P95": 24.003732,
          "P99": 34.453901,
          "P999": 52.112466,
          "Mean": 10.92885,
          "Min": 0.044667,
          "Max": 54.720625,
          "Count": 1735
        }
      },
      "WALGrowth": {
        "InitialSizeBytes": 13811910,
        "FinalSizeBytes": 16087854,
        "MaxSizeBytes": 16087854,
        "GrowthRateBytesPerSec": 37926.2153929153,
        "SampleCount": 61,
        "DurationSeconds": 60.009784167
      },
      "Healing": {
        "TotalHealings": 0,
        "TotalDocumentsHealed": 0,
        "HealingTimeSeconds": 0,
        "OverheadPercent": 0,
        "EventCount": 0,
        "InitialStats": {
          "TotalScans": 0,
          "DocumentsHealed": 0,
          "DocumentsCorrupted": 0,
          "OnDemandHealings": 0,
          "BackgroundHealings": 0,
          "LastScanTime": "0001-01-01T00:00:00Z",
          "LastHealingTime": "0001-01-01T00:00:00Z"
        },
        "FinalStats": {
          "TotalScans": 0,
          "DocumentsHealed": 0,
          "DocumentsCorrupted": 0,
          "OnDemandHealings": 0,
          "BackgroundHealings": 0,
          "LastScanTime": "0001-01-01T00:00:00Z",
          "LastHealingTime": "0001-01-01T00:00:00Z"
        }
      },
      "OperationCounts": {
        "create": 2561,
        "delete": 842,
        "read": 3494,
        "update": 1735
      },
      "TotalOperations": 8632
    },
    "db3": {
      "Name": "db3",
      "Latency": {
        "create": {
          "P50": 7.632749,
          "P95": 16.261523,
          "P99": 23.956603,
          "P999": 35.343112,
          "Mean": 6.995669,
          "Min": 0.040666,
          "Max": 44.428334,
          "Count": 2974
        },
        "delete": {
          "P50": 3.764166,
          "P95": 15.394972,
          "P99": 17.434293,
          "P999": 28.412362,
          "Mean": 4.951612,
          "Min": 0.025708,
          "Max": 32.539208,
          "Count": 950
        },
        "read": {
          "P50": 0.361896,
          "P95": 13.43281,
          "P99": 19.810336,
          "P999": 27.836019,
          "Mean": 3.904957,
          "Min": 0.026583,
          "Max": 43.65375,
          "Count": 3898
        },
        "update": {
          "P50": 11.507146,
          "P95": 20.023545,
          "P99": 27.663678,
          "P999": 38.214872,
          "Mean": 10.028155,
          "Min": 0.044458,
          "Max": 46.69125,
          "Count": 1920
        }
      },
      "WALGrowth": {
        "InitialSizeBytes": 13060308,
        "FinalSizeBytes": 15690204,
        "MaxSizeBytes": 15690204,
        "GrowthRateBytesPerSec": 43824.44234227733,
        "SampleCount": 61,
        "DurationSeconds": 60.009799542
      },
      "Healing": {
        "TotalHealings": 0,
        "TotalDocumentsHealed": 0,
        "HealingTimeSeconds": 0,
        "OverheadPercent": 0,
        "EventCount": 0,
        "InitialStats": {
          "TotalScans": 0,
          "DocumentsHealed": 0,
          "DocumentsCorrupted": 0,
          "OnDemandHealings": 0,
          "BackgroundHealings": 0,
          "LastScanTime": "0001-01-01T00:00:00Z",
          "LastHealingTime": "0001-01-01T00:00:00Z"
        },
        "FinalStats": {
          "TotalScans": 0,
          "DocumentsHealed": 0,
          "DocumentsCorrupted": 0,
          "OnDemandHealings": 0,
          "BackgroundHealings": 0,
          "LastScanTime": "0001-01-01T00:00:00Z",
          "LastHealingTime": "0001-01-01T00:00:00Z"
        }
      },
      "OperationCounts": {
        "create": 2974,
        "delete": 950,
        "read": 3898,