{
  "TestConfig": {
    "Duration": 120000000000,
    "Workers": 10,
    "Operations": 0,
    "ReadPercent": 40,
    "WritePercent": 30,
    "UpdatePercent": 20,
    "DeletePercent": 10,
    "DocumentSize": 1024,
    "DocumentCount": 10000,
    "MetricsInterval": 1000000000,
    "SocketPath": "/tmp/docdb.sock",
    "DBName": "loadtest",
    "WALDir": "./docdb/data/wal",
    "OutputPath": "matrix_results/json/3db_1conn_1w.json",
    "OutputDir": "./matrix_results",
    "CSVOutput": true,
    "Seed": 1769700447290938000,
    "Databases": [
      {
        "Name": "db1",
        "Workers": 1,
        "DocumentSize": 1024,
        "DocumentCount": 10000,
        "CRUDPercent": null,
        "WALDir": "./docdb/data/wal"
      },
      {
        "Name": "db2",
        "Workers": 1,
        "DocumentSize": 1024,
        "DocumentCount": 10000,
        "CRUDPercent": null,
        "WALDir": "./docdb/data/wal"
      },
      {
        "Name": "db3",
        "Workers": 1,
        "DocumentSize": 1024,
        "DocumentCount": 10000,
        "CRUDPercent": null,
        "WALDir": "./docdb/data/wal"
      }
    ],
    "WorkloadProfile": null,
    "PerDatabaseCRUD": false,
    "ConnectionsPerDB": 1
  },
  "DurationSeconds": 120.004215417,
  "TotalOperations": 60051,
  "Databases": {
    "db1": {
      "Name": "db1",
      "Latency": {
        "create": {
          "P50": 3.986333,
          "P95": 15.943286,
          "P99": 20.007318,
          "P999": 27.873244,
          "Mean": 5.651531,
          "Min": 0.029291,
          "Max": 34.007333,
          "Count": 6628
        },
        "delete": {
          "P50": 3.581229,
          "P95": 12.163896,
          "P99": 16.000034,
          "P999": 22.946019,
          "Mean": 4.534997,
          "Min": 0.023042,
          "Max": 24.423875,
          "Count": 2260
        },
        "read": {
          "P50": 0.26,
          "P95": 12.059129,
          "P99": 16.065506,
          "P999": 25.009332,
          "Mean": 3.390301,
          "Min": 0.017541,
          "Max": 50.822167,
          "Count": 8715
        },
        "update": {
          "P50": 10.990521,
          "P95": 19.745562,
          "P99": 23.876168,
          "P999": 30.787895,
          "Mean": 9.930456,
          "Min": 0.032375,
          "Max": 45.8705,
          "Count": 4302
        }
      },
      "WALGrowth": {
        "InitialSizeBytes": 131188978,
        "FinalSizeBytes": 136926042,
        "MaxSizeBytes": 136926042,
        "GrowthRateBytesPerSec": 47805.627785586665,
        "SampleCount": 122,
        "DurationSeconds": 120.008130125
      },
      "Healing": {
        "TotalHealings": 0,
        "TotalDocumentsHealed": 0,
        "HealingTimeSeconds": 0,
        "OverheadPercent": 0,
        "EventCount": 0,
        "InitialStats": {
          "TotalScans": 0,
          "DocumentsHealed": 0,
          "DocumentsCorrupted": 0,
          "OnDemandHealings": 0,
          "BackgroundHealings": 0,
          "LastScanTime": "0001-01-01T00:00:00Z",
          "LastHealingTime": "0001-01-01T00:00:00Z"
        },
        "FinalStats": {
          "TotalScans": 0,
          "DocumentsHealed": 0,
          "DocumentsCorrupted": 0,
          "OnDemandHealings": 0,
          "BackgroundHealings": 0,
          "LastScanTime": "0001-01-01T00:00:00Z",
          "LastHealingTime": "0001-01-01T00:00:00Z"
        }
      },
      "OperationCounts": {
        "create": 6628,
        "delete": 2260,
        "read": 8715,
        "update": 4302
      },
      "TotalOperations": 21905
    },
    "db2": {
      "Name": "db2",
      "Latency": {
        "create": {
          "P50": 6.881958,
          "P95": 19.978125,
          "P99": 30.706771,
          "P999": 45.719637,
          "Mean": 7.106889,
          "Min": 0.031584,
          "Max": 66.427667,
          "Count": 5411
        },
        "delete": {
          "P50": 3.729354,
          "P95": 16.209343,
          "P99": 24.568826,
          "P999": 35.419437,
          "Mean": 5.495414,
          "Min": 0.023375,
          "Max": 40.066625,
          "Count": 1746
        },
        "read": {
          "P50": 0.320562,
          "P95": 16.128328,
          "P99": 24.449405,
          "P999": 35.997573,
          "Mean": 4.676521,
          "Min": 0.022875,
          "Max": 45.572,
          "Count": 7102
        },
        "update": {
          "P50": 11.287146,
          "P95": 23.793725,
          "P99": 32.405011,
          "P999": 46.754003,
          "Mean": 10.803105,
          "Min": 0.035917,
          "Max": 60.839209,
          "Count": 3584
        }
      },
      "WALGrowth": {
        "InitialSizeBytes": 16087854,
        "FinalSizeBytes": 20797848,
        "MaxSizeBytes": 20797848,
        "GrowthRateBytesPerSec": 39247.29196374227,
        "SampleCount": 122,
        "DurationSeconds": 120.008127041
      },
      "Healing": {
        "TotalHealings": 0,
        "TotalDocumentsHealed": 0,
        "HealingTimeSeconds": 0,
        "OverheadPercent": 0,
        "EventCount": 0,
        "InitialStats": {
          "TotalScans": 0,
          "DocumentsHealed": 0,
          "DocumentsCorrupted": 0,
          "OnDemandHealings": 0,
          "BackgroundHealings": 0,
          "LastScanTime": "0001-01-01T00:00:00Z",
          "LastHealingTime": "0001-01-01T00:00:00Z"
        },
        "FinalStats": {
          "TotalScans": 0,
          "DocumentsHealed": 0,
          "DocumentsCorrupted": 0,
          "OnDemandHealings": 0,
          "BackgroundHealings": 0,
          "LastScanTime": "0001-01-01T00:00:00Z",
          "LastHealingTime": "0001-01-01T00:00:00Z"
        }
      },
      "OperationCounts": {
        "create": 5411,
        "delete": 1746,
        "read": 7102,
        "update": 3584
      },
      "TotalOperations": 17843
    },
    "db3": {
      "Name": "db3",
      "Latency": {
        "create": {
          "P50": 4.388,
          "P95": 16.554183,
          "P99": 23.79423,
          "P999": 32.958584,
          "Mean": 6.339819,
          "Min": 0.033417,
          "Max": 43.7945,
          "Count": 6053
        },
        "delete": {
          "P50": 3.749084,
          "P95": 14.795783,
          "P99": 17.462969,
          "P999": 24.485579,
          "Mean": 4.83235,
          "Min": 0.021834,
          "Max": 32.832583,
          "Count": 2029
        },
        "read": {
          "P50": 0.275958,
          "P95": 14.222354,
          "P99": 19.843625,
          "P999": 30.880435,
          "Mean": 3.853133,
          "Min": 0.017292,
          "Max": 44.11725,
          "Count": 8206
        },
        "update": {
          "P50": 10.932437,
          "P95": 19.956112,
          "P99": 27.788028,
          "P999": 37.182036,
          "Mean": 9.999917,
          "Min": 0.041458,
          "Max": 47.107291,
          "Count": 4018
        }
      },
      "WALGrowth": {
        "InitialSizeBytes": 15690204,
        "FinalSizeBytes": 21036418,
        "MaxSizeBytes": 21036418,
        "GrowthRateBytesPerSec": 44548.79642934274,
        "SampleCount": 122,
        "DurationSeconds": 120.00804575
      },
      "Healing": {
        "TotalHealings": 0,
        "TotalDocumentsHealed": 0,
        "HealingTimeSeconds": 0,
        "OverheadPercent": 0,
        "EventCount": 0,
        "InitialStats": {
          "TotalScans": 0,
          "DocumentsHealed": 0,
          "DocumentsCorrupted": 0,
          "OnDemandHealings": 0,
          "BackgroundHealings": 0,
          "LastScanTime": "0001-01-01T00:00:00Z",
          "LastHealingTime": "0001-01-01T00:00:00Z"
        },
        "FinalStats": {
          "TotalScans": 0,
          "DocumentsHealed": 0,
          "DocumentsCorrupted": 0,
          "OnDemandHealings": 0,
          "BackgroundHealings": 0,
          "LastScanTime": "0001-01-01T00:00:00Z",
          "LastHealingTime": "0001-01-01T00:00:00Z"
        }
      },
      "OperationCounts": {
        "create": 6053,
        "delete": 2029,
        "read": 8206,