{
  "TestConfig": {
    "Duration": 120000000000,
    "Workers": 10,
    "Operations": 0,
    "ReadPercent": 40,
    "WritePercent": 30,
    "UpdatePercent": 20,
    "DeletePercent": 10,
    "DocumentSize": 1024,
    "DocumentCount": 10000,
    "MetricsInterval": 1000000000,
    "SocketPath": "/tmp/docdb.sock",
    "DBName": "loadtest",
    "WALDir": "./docdb/data/wal",
    "OutputPath": "./matrix_results/3db_1conn_2w.json",
    "CSVOutput": true,
    "Seed": 1769670092846128000,
    "Databases": [
      {
        "Name": "db1",
        "Workers": 2,
        "DocumentSize": 1024,
        "DocumentCount": 10000,
        "CRUDPercent": null,
        "WALDir": "./docdb/data/wal"
      },
      {
        "Name": "db2",
        "Workers": 2,
        "DocumentSize": 1024,
        "DocumentCount": 10000,
        "CRUDPercent": null,
        "WALDir": "./docdb/data/wal"
      },
      {
        "Name": "db3",
        "Workers": 2,
        "DocumentSize": 1024,
        "DocumentCount": 10000,
        "CRUDPercent": null,
        "WALDir": "./docdb/data/wal"
      }
    ],
    "WorkloadProfile": null,
    "PerDatabaseCRUD": false,
    "ConnectionsPerDB": 1
  },
  "DurationSeconds": 120.000222958,
  "TotalOperations": 956882,
  "Databases": {
    "db1": {
      "Name": "db1",
      "Latency": {
        "create": {
          "P50": 0.107291,
          "P95": 1.287558,
          "P99": 1.961125,
          "P999": 11.66173,
          "Mean": 0.291387,
          "Min": 0.026333,
          "Max": 166.966666,
          "Count": 268673
        },
        "delete": {
          "P50": 0.082166,
          "P95": 1.243608,
          "P99": 1.585937,
          "P999": 10.28247,
          "Mean": 0.244528,
          "Min": 0.011292,
          "Max": 71.329583,
          "Count": 89309
        },
        "read": {
          "P50": 0.081875,
          "P95": 1.24425,
          "P99": 1.573458,
          "P999": 10.160505,
          "Mean": 0.24435,
          "Min": 0.010083,
          "Max": 149.865958,
          "Count": 358761
        },
        "update": {
          "P50": 0.107333,
          "P95": 1.285223,
          "P99": 1.829403,
          "P999": 11.549733,
          "Mean": 0.288376,
          "Min": 0.028542,
          "Max": 162.323708,
          "Count": 178854
        }
      },
      "WALGrowth": {
        "InitialSizeBytes": 233497786,
        "FinalSizeBytes": 233497786,
        "MaxSizeBytes": 233497786,
        "GrowthRateBytesPerSec": 0,
        "SampleCount": 122,
        "DurationSeconds": 120.000604208
      },
      "Healing": {
        "TotalHealings": 0,
        "TotalDocumentsHealed": 0,
        "HealingTimeSeconds": 0,
        "OverheadPercent": 0,
        "EventCount": 0,
        "InitialStats": {
          "TotalScans": 0,
          "DocumentsHealed": 0,
          "DocumentsCorrupted": 0,
          "OnDemandHealings": 0,
          "BackgroundHealings": 0,
          "LastScanTime": "0001-01-01T00:00:00Z",
          "LastHealingTime": "0001-01-01T00:00:00Z"
        },
        "FinalStats": {
          "TotalScans": 0,
          "DocumentsHealed": 0,
          "DocumentsCorrupted": 0,
          "OnDemandHealings": 0,
          "BackgroundHealings": 0,
          "LastScanTime": "0001-01-01T00:00:00Z",
          "LastHealingTime": "0001-01-01T00:00:00Z"
        }
      },
      "OperationCounts": {
        "create": 268673,
        "delete": 89309,
        "read": 358761,
        "update": 178854
      },
      "TotalOperations": 895597
    },
    "db2": {
      "Name": "db2",
      "Latency": {
        "create": {
          "P50": 0.221958,
          "P95": 31.703399,
          "P99": 49.430271,
          "P999": 98.992847,
          "Mean": 8.19216,
          "Min": 0.030917,
          "Max": 140.869333,
          "Count": 9225
        },
        "delete": {
          "P50": 0.172437,
          "P95": 25.236726,
          "P99": 39.954976,
          "P999": 73.07529,
          "Mean": 6.042199,
          "Min": 0.012208,
          "Max": 86.034583,
          "Count": 3058
        },
        "read": {
          "P50": 0.124334,
          "P95": 22.809645,
          "P99": 35.048187,
          "P999": 72.090606,
          "Mean": 3.89856,
          "Min": 0.014583,
          "Max": 160.236542,
          "Count": 12351
        },
        "update": {
          "P50": 14.365833,
          "P95": 40.188833,
          "P99": 59.053061,
          "P999": 97.033461,
          "Mean": 15.938908,
          "Min": 0.034,
          "Max": 140.932833,
          "Count": 6135
        }
      },
      "WALGrowth": {
        "InitialSizeBytes": 103574936,
        "FinalSizeBytes": 111536246,
        "MaxSizeBytes": 111536246,
        "GrowthRateBytesPerSec": 66343.95601334493,
        "SampleCount": 122,
        "DurationSeconds": 120.00053175
      },
      "Healing": {
        "TotalHealings": 0,
        "TotalDocumentsHealed": 0,
        "HealingTimeSeconds": 0,
        "OverheadPercent": 0,
        "EventCount": 0,
        "InitialStats": {
          "TotalScans": 0,
          "DocumentsHealed": 0,
          "DocumentsCorrupted": 0,
          "OnDemandHealings": 0,
          "BackgroundHealings": 0,
          "LastScanTime": "0001-01-01T00:00:00Z",
          "LastHealingTime": "0001-01-01T00:00:00Z"
        },
        "FinalStats": {
          "TotalScans": 0,
          "DocumentsHealed": 0,
          "DocumentsCorrupted": 0,
          "OnDemandHealings": 0,
          "BackgroundHealings": 0,
          "LastScanTime": "0001-01-01T00:00:00Z",
          "LastHealingTime": "0001-01-01T00:00:00Z"
        }
      },
      "OperationCounts": {
        "create": 9225,
        "delete": 3058,
        "read": 12351,
        "update": 6135
      },
      "TotalOperations": 30769
    },
    "db3": {
      "Name": "db3",
      "Latency": {
        "create": {
          "P50": 0.208875,
          "P95": 31.570449,
          "P99": 51.064319,
          "P999": 87.118462,
          "Mean": 8.16985,
          "Min": 0.031792,
          "Max": 124.775916,
          "Count": 9033
        },
        "delete": {
          "P50": 0.165042,
          "P95": 25.936999,
          "P99": 42.795231,
          "P999": 76.056832,
          "Mean": 6.168578,
          "Min": 0.015791,
          "Max": 96.986208,
          "Count": 3125
        },
        "read": {
          "P50": 0.124792,
          "P95": 22.934204,
          "P99": 37.657729,
          "P999": 77.469548,
          "Mean": 4.074034,
          "Min": 0.013042,
          "Max": 130.3715,
          "Count": 12258
        },
        "update": {
          "P50": 14.441667,
          "P95": 40.060306,
          "P99": 59.498386,
          "P999": 91.21916,
          "Mean": 15.884352,
          "Min": 0.034083,
          "Max": 170.655917,
          "Count": 6104
        }
      },
      "WALGrowth": {
        "InitialSizeBytes": 104108534,
        "FinalSizeBytes": 112054786,
        "MaxSizeBytes": 112054786,
        "GrowthRateBytesPerSec": 66218.47951298936,
        "SampleCount": 122,
        "DurationSeconds": 120.000520375
      },
      "Healing": {
        "TotalHealings": 0,
        "TotalDocumentsHealed": 0,
        "HealingTimeSeconds": 0,
        "OverheadPercent": 0,
        "EventCount": 0,
        "InitialStats": {
          "TotalScans": 0,
          "DocumentsHealed": 0,
          "DocumentsCorrupted": 0,
          "OnDemandHealings": 0,
          "BackgroundHealings": 0,
          "LastScanTime": "0001-01-01T00:00:00Z",
          "LastHealingTime": "0001-01-01T00:00:00Z"
        },
        "FinalStats": {
          "TotalScans": 0,
          "DocumentsHealed": 0,
          "DocumentsCorrupted": 0,
          "OnDemandHealings": 0,
          "BackgroundHealings": 0,
          "LastScanTime": "0001-01-01T00:00:00Z",
          "LastHealingTime": "0001-01-01T00:00:00Z"
        }
      },
      "OperationCounts": {
        "create": 9033,
        "delete": 3125,
        "read": 12258,