{
  "TestConfig": {
    "Duration": 60000000000,
    "Workers": 10,
    "Operations": 0,
    "ReadPercent": 40,
    "WritePercent": 30,
    "UpdatePercent": 20,
    "DeletePercent": 10,
    "DocumentSize": 1024,
    "DocumentCount": 10000,
    "MetricsInterval": 1000000000,
    "SocketPath": "/tmp/docdb.sock",
    "DBName": "loadtest",
    "WALDir": "./docdb/data/wal",
    "OutputPath": "matrix_results/json/3db_1conn_1w.json",
    "OutputDir": "docdb/tests/load/results",
    "CSVOutput": true,
    "Seed": 1769689997613179000,
    "Databases": [
      {
        "Name": "db1",
        "Workers": 1,
        "DocumentSize": 1024,
        "DocumentCount": 10000,
        "CRUDPercent": null,
        "WALDir": "./docdb/data/wal"
      },
      {
        "Name": "db2",
        "Workers": 1,
        "DocumentSize": 1024,
        "DocumentCount": 10000,
        "CRUDPercent": null,
        "WALDir": "./docdb/data/wal"
      },
      {
        "Name": "db3",
        "Workers": 1,
        "DocumentSize": 1024,
        "DocumentCount": 10000,
        "CRUDPercent": null,
        "WALDir": "./docdb/data/wal"
      }
    ],
    "WorkloadProfile": null,
    "PerDatabaseCRUD": false,
    "ConnectionsPerDB": 1
  },
  "DurationSeconds": 60.000438042,
  "TotalOperations": 29583,
  "Databases": {
    "db1": {
      "Name": "db1",
      "Latency": {
        "create": {
          "P50": 4.03675,
          "P95": 15.810758,
          "P99": 19.935133,
          "P999": 24.074044,
          "Mean": 5.593955,
          "Min": 0.028542,
          "Max": 31.129208,
          "Count": 3129
        },
        "delete": {
          "P50": 3.800208,
          "P95": 12.056962,
          "P99": 15.986168,
          "P999": 20.955692,
          "Mean": 4.743437,
          "Min": 0.025958,
          "Max": 30.102417,
          "Count": 1055
        },
        "read": {
          "P50": 0.349146,
          "P95": 12.023768,
          "P99": 16.028893,
          "P999": 21.804994,
          "Mean": 3.759311,
          "Min": 0.01475,
          "Max": 28.379625,
          "Count": 4234
        },
        "update": {
          "P50": 11.261291,
          "P95": 18.893566,
          "P99": 23.766378,
          "P999": 29.451173,
          "Mean": 10.274718,
          "Min": 0.035708,
          "Max": 34.979209,
          "Count": 2098
        }
      },
      "WALGrowth": {
        "InitialSizeBytes": 38649610,
        "FinalSizeBytes": 41361224,
        "MaxSizeBytes": 41361224,
        "GrowthRateBytesPerSec": 45189.37670163364,
        "SampleCount": 61,
        "DurationSeconds": 60.005563208
      },
      "Healing": {
        "TotalHealings": 0,
        "TotalDocumentsHealed": 0,
        "HealingTimeSeconds": 0,
        "OverheadPercent": 0,
        "EventCount": 0,
        "InitialStats": {
          "TotalScans": 0,
          "DocumentsHealed": 0,
          "DocumentsCorrupted": 0,
          "OnDemandHealings": 0,
          "BackgroundHealings": 0,
          "LastScanTime": "0001-01-01T00:00:00Z",
          "LastHealingTime": "0001-01-01T00:00:00Z"
        },
        "FinalStats": {
          "TotalScans": 0,
          "DocumentsHealed": 0,
          "DocumentsCorrupted": 0,
          "OnDemandHealings": 0,
          "BackgroundHealings": 0,
          "LastScanTime": "0001-01-01T00:00:00Z",
          "LastHealingTime": "0001-01-01T00:00:00Z"
        }
      },
      "OperationCounts": {
        "create": 3129,
        "delete": 1055,
        "read": 4234,
        "update": 2098
      },
      "TotalOperations": 10516
    },
    "db2": {
      "Name": "db2",
      "Latency": {
        "create": {
          "P50": 8.05925,
          "P95": 19.079033,
          "P99": 24.202824,
          "P999": 29.026079,
          "Mean": 8.474903,
          "Min": 0.041917,
          "Max": 36.09625,
          "Count": 2985
        },
        "delete": {
          "P50": 0.318417,
          "P95": 13.59368,
          "P99": 16.754046,
          "P999": 20.192217,
          "Mean": 4.191849,
          "Min": 0.021291,
          "Max": 22.71625,
          "Count": 1028
        },
        "read": {
          "P50": 0.301667,
          "P95": 13.617216,
          "P99": 18.05655,
          "P999": 24.057455,
          "Mean": 3.748316,
          "Min": 0.020292,
          "Max": 32.908167,
          "Count": 4017
        },
        "update": {
          "P50": 7.883313,
          "P95": 16.979666,
          "P99": 23.95765,
          "P999": 31.333572,
          "Mean": 7.594382,
          "Min": 0.038,
          "Max": 35.966958,
          "Count": 2016
        }
      },
      "WALGrowth": {
        "InitialSizeBytes": 5700186,
        "FinalSizeBytes": 8611030,
        "MaxSizeBytes": 8611030,
        "GrowthRateBytesPerSec": 48509.4984196711,
        "SampleCount": 61,
        "DurationSeconds": 60.005650333
      },
      "Healing": {
        "TotalHealings": 0,
        "TotalDocumentsHealed": 0,
        "HealingTimeSeconds": 0,
        "OverheadPercent": 0,
        "EventCount": 0,
        "InitialStats": {
          "TotalScans": 0,
          "DocumentsHealed": 0,
          "DocumentsCorrupted": 0,
          "OnDemandHealings": 0,
          "BackgroundHealings": 0,
          "LastScanTime": "0001-01-01T00:00:00Z",
          "LastHealingTime": "0001-01-01T00:00:00Z"
        },
        "FinalStats": {
          "TotalScans": 0,
          "DocumentsHealed": 0,
          "DocumentsCorrupted": 0,
          "OnDemandHealings": 0,
          "BackgroundHealings": 0,
          "LastScanTime": "0001-01-01T00:00:00Z",
          "LastHealingTime": "0001-01-01T00:00:00Z"
        }
      },
      "OperationCounts": {
        "create": 2985,
        "delete": 1028,
        "read": 4017,
        "update": 2016
      },
      "TotalOperations": 10046
    },
    "db3": {
      "Name": "db3",
      "Latency": {
        "create": {
          "P50": 9.633437,
          "P95": 22.255871,
          "P99": 31.415648,
          "P999": 44.58431,
          "Mean": 9.476126,
          "Min": 0.037458,
          "Max": 51.164083,
          "Count": 2708
        },
        "delete": {
          "P50": 0.349604,
          "P95": 15.824103,
          "P99": 23.743251,
          "P999": 35.287717,
          "Mean": 4.69741,
          "Min": 0.020583,
          "Max": 40.007875,
          "Count": 940
        },
        "read": {
          "P50": 0.302166,
          "P95": 15.933475,
          "P99": 24.07709,
          "P999": 34.840166,
          "Mean": 4.200809,
          "Min": 0.016083,
          "Max": 45.017209,
          "Count": 3670
        },
        "update": {
          "P50": 7.976603,
          "P95": 22.753976,
          "P99": 31.464957,
          "P999": 42.223887,
          "Mean": 8.498946,
          "Min": 0.040791,
          "Max": 55.863208,
          "Count": 1704
        }
      },
      "WALGrowth": {
        "InitialSizeBytes": 5356364,
        "FinalSizeBytes": 7915002,
        "MaxSizeBytes": 7915002,
        "GrowthRateBytesPerSec": 42639.89816941219,
        "SampleCount": 61,
        "DurationSeconds": 60.005724916
      },
      "Healing": {
        "TotalHealings": 0,
        "TotalDocumentsHealed": 0,
        "HealingTimeSeconds": 0,
        "OverheadPercent": 0,
        "EventCount": 0,
        "InitialStats": {
          "TotalScans": 0,
          "DocumentsHealed": 0,
          "DocumentsCorrupted": 0,
          "OnDemandHealings": 0,
          "BackgroundHealings": 0,
          "LastScanTime": "0001-01-01T00:00:00Z",
          "LastHealingTime": "0001-01-01T00:00:00Z"
        },
        "FinalStats": {
          "TotalScans": 0,
          "DocumentsHealed": 0,
          "DocumentsCorrupted": 0,
          "OnDemandHealings": 0,
          "BackgroundHealings": 0,
          "LastScanTime": "0001-01-01T00:00:00Z",
          "LastHealingTime": "0001-01-01T00:00:00Z"
        }
      },
      "OperationCounts": {
        "create": 2708,
        "delete": 940,
        "read": 3670,