{
  "TestConfig": {
    "Duration": 120000000000,
    "Workers": 10,
    "Operations": 0,
    "ReadPercent": 40,
    "WritePercent": 30,
    "UpdatePercent": 20,
    "DeletePercent": 10,
    "DocumentSize": 1024,
    "DocumentCount": 10000,
    "MetricsInterval": 1000000000,
    "SocketPath": "/tmp/docdb.sock",
    "DBName": "loadtest",
    "WALDir": "./docdb/data/wal",
    "OutputPath": "./matrix_results/3db_10conn_10w.json",
    "CSVOutput": true,
    "Seed": 1769671433347169000,
    "Databases": [
      {
        "Name": "db1",
        "Workers": 10,
        "DocumentSize": 1024,
        "DocumentCount": 10000,
        "CRUDPercent": null,
        "WALDir": "./docdb/data/wal"
      },
      {
        "Name": "db2",
        "Workers": 10,
        "DocumentSize": 1024,
        "DocumentCount": 10000,
        "CRUDPercent": null,
        "WALDir": "./docdb/data/wal"
      },
      {
        "Name": "db3",
        "Workers": 10,
        "DocumentSize": 1024,
        "DocumentCount": 10000,
        "CRUDPercent": null,
        "WALDir": "./docdb/data/wal"
      }
    ],
    "WorkloadProfile": null,
    "PerDatabaseCRUD": false,
    "ConnectionsPerDB": 10
  },
  "DurationSeconds": 120.000790292,
  "TotalOperations": 2494222,
  "Databases": {
    "db1": {
      "Name": "db1",
      "Latency": {
        "create": {
          "P50": 0.219,
          "P95": 5.099083,
          "P99": 6.134436,
          "P999": 8.642396,
          "Mean": 1.528652,
          "Min": 0.0435,
          "Max": 172.178166,
          "Count": 248894
        },
        "delete": {
          "P50": 0.176541,
          "P95": 5.006729,
          "P99": 6.072989,
          "P999": 8.767734,
          "Mean": 1.373371,
          "Min": 0.015625,
          "Max": 171.332542,
          "Count": 82956
        },
        "read": {
          "P50": 0.172917,
          "P95": 4.993008,
          "P99": 6.055842,
          "P999": 8.511327,
          "Mean": 1.349666,
          "Min": 0.016375,
          "Max": 170.863958,
          "Count": 332497
        },
        "update": {
          "P50": 0.219209,
          "P95": 5.100666,
          "P99": 6.161458,
          "P999": 8.55874,
          "Mean": 1.529777,
          "Min": 0.042667,
          "Max": 172.256417,
          "Count": 167311
        }
      },
      "WALGrowth": {
        "InitialSizeBytes": 233497786,
        "FinalSizeBytes": 233497786,
        "MaxSizeBytes": 233497786,
        "GrowthRateBytesPerSec": 0,
        "SampleCount": 122,
        "DurationSeconds": 120.001312916
      },
      "Healing": {
        "TotalHealings": 0,
        "TotalDocumentsHealed": 0,
        "HealingTimeSeconds": 0,
        "OverheadPercent": 0,
        "EventCount": 0,
        "InitialStats": {
          "TotalScans": 0,
          "DocumentsHealed": 0,
          "DocumentsCorrupted": 0,
          "OnDemandHealings": 0,
          "BackgroundHealings": 0,
          "LastScanTime": "0001-01-01T00:00:00Z",
          "LastHealingTime": "0001-01-01T00:00:00Z"
        },
        "FinalStats": {
          "TotalScans": 0,
          "DocumentsHealed": 0,
          "DocumentsCorrupted": 0,
          "OnDemandHealings": 0,
          "BackgroundHealings": 0,
          "LastScanTime": "0001-01-01T00:00:00Z",
          "LastHealingTime": "0001-01-01T00:00:00Z"
        }
      },
      "OperationCounts": {
        "create": 248894,
        "delete": 82956,
        "read": 332497,
        "update": 167311
      },
      "TotalOperations": 831658
    },
    "db2": {
      "Name": "db2",
      "Latency": {
        "create": {
          "P50": 0.2195,
          "P95": 5.100707,
          "P99": 6.173408,
          "P999": 9.261918,
          "Mean": 1.529878,
          "Min": 0.042792,
          "Max": 172.690875,
          "Count": 248761
        },
        "delete": {
          "P50": 0.170437,
          "P95": 5.004691,
          "P99": 6.064803,
          "P999": 8.332307,
          "Mean": 1.351033,
          "Min": 0.017792,
          "Max": 110.444583,
          "Count": 83410
        },
        "read": {
          "P50": 0.172875,
          "P95": 5.006806,
          "P99": 6.071377,
          "P999": 8.475181,
          "Mean": 1.355352,
          "Min": 0.015458,
          "Max": 169.918583,
          "Count": 332994
        },
        "update": {
          "P50": 0.219,
          "P95": 5.109247,
          "P99": 6.184656,
          "P999": 8.427936,
          "Mean": 1.526164,
          "Min": 0.041084,
          "Max": 173.300042,
          "Count": 166782
        }
      },
      "WALGrowth": {
        "InitialSizeBytes": 160159772,
        "FinalSizeBytes": 160159772,
        "MaxSizeBytes": 160159772,
        "GrowthRateBytesPerSec": 0,
        "SampleCount": 122,
        "DurationSeconds": 120.001538792
      },
      "Healing": {
        "TotalHealings": 0,
        "TotalDocumentsHealed": 0,
        "HealingTimeSeconds": 0,
        "OverheadPercent": 0,
        "EventCount": 0,
        "InitialStats": {
          "TotalScans": 0,
          "DocumentsHealed": 0,
          "DocumentsCorrupted": 0,
          "OnDemandHealings": 0,
          "BackgroundHealings": 0,
          "LastScanTime": "0001-01-01T00:00:00Z",
          "LastHealingTime": "0001-01-01T00:00:00Z"
        },
        "FinalStats": {
          "TotalScans": 0,
          "DocumentsHealed": 0,
          "DocumentsCorrupted": 0,
          "OnDemandHealings": 0,
          "BackgroundHealings": 0,
          "LastScanTime": "0001-01-01T00:00:00Z",
          "LastHealingTime": "0001-01-01T00:00:00Z"
        }
      },
      "OperationCounts": {
        "create": 248761,
        "delete": 83410,
        "read": 332994,
        "update": 166782
      },
      "TotalOperations": 831947
    },
    "db3": {
      "Name": "db3",
      "Latency": {
        "create": {
          "P50": 0.219042,
          "P95": 5.100125,
          "P99": 6.164751,
          "P999": 8.9143,
          "Mean": 1.525645,
          "Min": 0.043834,
          "Max": 171.840083,
          "Count": 248697
        },
        "delete": {
          "P50": 0.173667,
          "P95": 5.005791,
          "P99": 6.058475,
          "P999": 8.347444,
          "Mean": 1.349842,
          "Min": 0.018791,
          "Max": 170.367542,
          "Count": 82872
        },
        "read": {
          "P50": 0.174583,
          "P95": 5.007266,
          "P99": 6.079355,
          "P999": 8.654855,
          "Mean": 1.36005,
          "Min": 0.015917,
          "Max": 170.8905,
          "Count": 332517
        },
        "update": {
          "P50": 0.219666,
          "P95": 5.103599,
          "P99": 6.173925,
          "P999": 9.045099,
          "Mean": 1.534595,
          "Min": 0.043458,
          "Max": 169.256709,
          "Count": 166554
        }
      },
      "WALGrowth": {
        "InitialSizeBytes": 160877522,
        "FinalSizeBytes": 160877522,
        "MaxSizeBytes": 160877522,
        "GrowthRateBytesPerSec": 0,
        "SampleCount": 122,
        "DurationSeconds": 120.00152225
      },
      "Healing": {
        "TotalHealings": 0,
        "TotalDocumentsHealed": 0,
        "HealingTimeSeconds": 0,
        "OverheadPercent": 0,
        "EventCount": 0,
        "InitialStats": {
          "TotalScans": 0,
          "DocumentsHealed": 0,
          "DocumentsCorrupted": 0,
          "OnDemandHealings": 0,
          "BackgroundHealings": 0,
          "LastScanTime": "0001-01-01T00:00:00Z",
          "LastHealingTime": "0001-01-01T00:00:00Z"
        },
        "FinalStats": {
          "TotalScans": 0,
          "DocumentsHealed": 0,
          "DocumentsCorrupted": 0,
          "OnDemandHealings": 0,
          "BackgroundHealings": 0,
          "LastScanTime": "0001-01-01T00:00:00Z",
          "LastHealingTime": "0001-01-01T00:00:00Z"
        }
      },
      "OperationCounts": {
        "create": 248697,
        "delete": 82872,
        "read": 332517,
        "update": 166554
      },